-- phpMyAdmin SQL Dump
-- version 4.5.1
-- http://www.phpmyadmin.net
--
-- Host: 127.0.0.1
-- Generation Time: Jan 22, 2018 at 11:38 AM
-- Server version: 10.1.16-MariaDB
-- PHP Version: 7.1.13

SET SQL_MODE = "NO_AUTO_VALUE_ON_ZERO";
SET time_zone = "+00:00";


/*!40101 SET @OLD_CHARACTER_SET_CLIENT=@@CHARACTER_SET_CLIENT */;
/*!40101 SET @OLD_CHARACTER_SET_RESULTS=@@CHARACTER_SET_RESULTS */;
/*!40101 SET @OLD_COLLATION_CONNECTION=@@COLLATION_CONNECTION */;
/*!40101 SET NAMES utf8mb4 */;

--
-- Database: `chat_app`
--

-- --------------------------------------------------------

--
-- Table structure for table `files`
--

CREATE TABLE `files` (
  `file_id` int(11) NOT NULL,
  `file_name` varchar(50) NOT NULL,
  `file_path` text NOT NULL,
  `sender_id` int(11) NOT NULL,
  `recipient_id` int(11) NOT NULL,
  `created_on` datetime NOT NULL DEFAULT CURRENT_TIMESTAMP
) ENGINE=InnoDB DEFAULT CHARSET=latin1;

--
-- Dumping data for table `files`
--

INSERT INTO `files` (`file_id`, `file_name`, `file_path`, `sender_id`, `recipient_id`, `created_on`) VALUES
(3, 'terms_of_use_by_hawksmont.txt', 'terms_of_use_by_hawksmont-3.txt', 1, 2, '2018-01-22 16:39:59'),
(4, 'mysql-connector-java-5.1', 'mysql-connector-java-5-4.1', 1, 2, '2018-01-22 18:18:36'),
(5, 'euphoria-script.zip', 'euphoria-script-5.zip', 1, 2, '2018-01-22 18:19:00'),
(6, 'bars.png', 'bars-6.png', 1, 2, '2018-01-22 18:35:02');

-- --------------------------------------------------------

--
-- Table structure for table `friends_list`
--

CREATE TABLE `friends_list` (
  `friend_id` int(11) NOT NULL,
  `user_1` int(11) NOT NULL,
  `user_2` int(11) NOT NULL
) ENGINE=InnoDB DEFAULT CHARSET=latin1;

--
-- Dumping data for table `friends_list`
--

INSERT INTO `friends_list` (`friend_id`, `user_1`, `user_2`) VALUES
(6, 1, 2),
(7, 1, 175),
(8, 1, 525),
(9, 1, 185),
(10, 1, 204),
(11, 1001, 1),
(12, 1001, 754),
(13, 1001, 832),
(14, 1002, 1),
(15, 1002, 1001);

-- --------------------------------------------------------

--
-- Table structure for table `messages`
--

CREATE TABLE `messages` (
  `message_id` int(11) NOT NULL,
  `message` varchar(500) NOT NULL,
  `sender_id` int(11) NOT NULL,
  `recipient_id` int(11) NOT NULL,
  `created_on` timestamp NOT NULL DEFAULT CURRENT_TIMESTAMP
) ENGINE=InnoDB DEFAULT CHARSET=latin1;

--
-- Dumping data for table `messages`
--

INSERT INTO `messages` (`message_id`, `message`, `sender_id`, `recipient_id`, `created_on`) VALUES
(38, 'hello', 1, 2, '2018-01-18 11:43:09'),
(39, 'hey hey', 2, 1, '2018-01-18 11:46:24'),
(40, 'hala', 2, 1, '2018-01-18 11:46:32'),
(41, 'hello', 2, 1, '2018-01-18 11:47:27'),
(42, 'hi', 2, 1, '2018-01-18 11:49:53'),
(43, 'Nog', 1, 1001, '2018-01-19 01:27:27'),
(44, 'Unsa man?', 1001, 1, '2018-01-19 01:27:36'),
(45, 'Tang ina mo nog', 1, 1001, '2018-01-19 01:27:42'),
(46, 'Unsay sala nako?', 1001, 1, '2018-01-19 01:27:54'),
(47, 'Hello', 1001, 1, '2018-01-19 01:28:30'),
(48, 'hello', 1, 1001, '2018-01-19 01:28:35'),
(49, 'hello', 1001, 1, '2018-01-19 01:28:42'),
(50, 'hello', 1001, 1, '2018-01-19 01:29:24'),
(51, 'Hi nog', 1, 1001, '2018-01-19 01:29:34'),
(52, 'I never', 1, 1001, '2018-01-19 01:29:37'),
(53, 'love this way again', 1, 1001, '2018-01-19 01:29:44'),
(54, 'Hahahaa', 1, 1001, '2018-01-19 01:29:45'),
(55, 'And I keep', 1, 1001, '2018-01-19 01:29:47'),
(56, 'asd', 1, 1001, '2018-01-19 01:29:55'),
(57, 'Kasamok ba nimo?', 1001, 1, '2018-01-19 01:30:13'),
(58, 'What the fuck', 1001, 1, '2018-01-19 01:30:17'),
(59, 'Naguba na akong UI', 1001, 1, '2018-01-19 01:30:20'),
(60, 'Hohoho', 1, 2, '2018-01-19 06:48:52'),
(61, 'hahahaha', 2, 1, '2018-01-19 06:48:55'),
(62, 'hohoho', 2, 1, '2018-01-19 09:45:31'),
(63, 'Hoy komo', 1, 175, '2018-01-22 08:19:50'),
(64, 'kaku ka ba?', 1, 175, '2018-01-22 08:19:55'),
(65, 'Tangna mo', 1, 175, '2018-01-22 08:20:01'),
(66, 'wtf', 1, 175, '2018-01-22 08:20:03');

-- --------------------------------------------------------

--
-- Table structure for table `users`
--

CREATE TABLE `users` (
  `user_id` int(11) NOT NULL,
  `username` varchar(25) NOT NULL,
  `password` varchar(25) NOT NULL,
  `first_name` varchar(25) NOT NULL,
  `last_name` varchar(25) NOT NULL,
  `created_on` timestamp NOT NULL DEFAULT CURRENT_TIMESTAMP,
  `status` varchar(25) NOT NULL DEFAULT 'offline'
) ENGINE=InnoDB DEFAULT CHARSET=latin1;

--
-- Dumping data for table `users`
--

INSERT INTO `users` (`user_id`, `username`, `password`, `first_name`, `last_name`, `created_on`, `status`) VALUES
(1, 'rcpelisco', 'rcpelisco', 'RC', 'Pelisco', '2018-01-03 02:34:31', 'offline'),
(2, 'maemi', 'maemi', 'Gloelsa Mae', 'Mabras', '2018-01-03 02:34:31', 'offline'),
(3, 'dcunnow0', 'dcunnow0', 'Dante', 'Cunnow', '2018-01-03 02:40:15', 'offline'),
(4, 'vleiden1', 'vleiden1', 'Vina', 'Leiden', '2018-01-03 02:40:15', 'offline'),
(5, 'cwalkling2', 'cwalkling2', 'Cherri', 'Walkling', '2018-01-03 02:40:15', 'offline'),
(6, 'adauby3', 'adauby3', 'Artemus', 'Dauby', '2018-01-03 02:40:15', 'offline'),
(7, 'pelger4', 'pelger4', 'Peri', 'Elger', '2018-01-03 02:40:15', 'offline'),
(8, 'slukes5', 'slukes5', 'Shurwood', 'Lukes', '2018-01-03 02:40:15', 'offline'),
(9, 'sacosta6', 'sacosta6', 'Sunny', 'Acosta', '2018-01-03 02:40:15', 'offline'),
(10, 'kdonne7', 'kdonne7', 'Kalinda', 'Donne', '2018-01-03 02:40:15', 'offline'),
(11, 'rsteed8', 'rsteed8', 'Ringo', 'Steed', '2018-01-03 02:40:15', 'offline'),
(12, 'sferrey9', 'sferrey9', 'Shelbi', 'Ferrey', '2018-01-03 02:40:15', 'offline'),
(13, 'tpilbeama', 'tpilbeama', 'Teodora', 'Pilbeam', '2018-01-03 02:40:15', 'offline'),
(14, 'hgregolettib', 'hgregolettib', 'Hilly', 'Gregoletti', '2018-01-03 02:40:15', 'offline'),
(15, 'rpeplayc', 'rpeplayc', 'Roseanna', 'Peplay', '2018-01-03 02:40:15', 'offline'),
(16, 'gsennd', 'gsennd', 'Grannie', 'Senn', '2018-01-03 02:40:15', 'offline'),
(17, 'aspraggee', 'aspraggee', 'Anne', 'Spragge', '2018-01-03 02:40:16', 'offline'),
(18, 'lscotchmoorf', 'lscotchmoorf', 'Lynea', 'Scotchmoor', '2018-01-03 02:40:16', 'offline'),
(19, 'kcorbyg', 'kcorbyg', 'Kenton', 'Corby', '2018-01-03 02:40:16', 'offline'),
(20, 'cslayh', 'cslayh', 'Cristal', 'Slay', '2018-01-03 02:40:16', 'offline'),
(21, 'bfolcai', 'bfolcai', 'Berry', 'Folca', '2018-01-03 02:40:16', 'offline'),
(22, 'cdominettij', 'cdominettij', 'Charity', 'Dominetti', '2018-01-03 02:40:16', 'offline'),
(23, 'qpavick', 'qpavick', 'Quillan', 'Pavic', '2018-01-03 02:40:16', 'offline'),
(24, 'dguinnl', 'dguinnl', 'Demetri', 'Guinn', '2018-01-03 02:40:16', 'offline'),
(25, 'sfarfolomeevm', 'sfarfolomeevm', 'Sidonia', 'Farfolomeev', '2018-01-03 02:40:16', 'offline'),
(26, 'pweinmannn', 'pweinmannn', 'Petronia', 'Weinmann', '2018-01-03 02:40:16', 'offline'),
(27, 'tjovicico', 'tjovicico', 'Thaine', 'Jovicic', '2018-01-03 02:40:16', 'offline'),
(28, 'egardnerp', 'egardnerp', 'Enos', 'Gardner', '2018-01-03 02:40:16', 'offline'),
(29, 'kcorbyq', 'kcorbyq', 'Kenn', 'Corby', '2018-01-03 02:40:16', 'offline'),
(30, 'kdeathr', 'kdeathr', 'Krystle', 'De''Ath', '2018-01-03 02:40:16', 'offline'),
(31, 'kjoness', 'kjoness', 'Kerr', 'Jones', '2018-01-03 02:40:16', 'offline'),
(32, 'mvasst', 'mvasst', 'Moina', 'Vass', '2018-01-03 02:40:16', 'offline'),
(33, 'acapstakeu', 'acapstakeu', 'Ardelia', 'Capstake', '2018-01-03 02:40:16', 'offline'),
(34, 'aginnellyv', 'aginnellyv', 'Abner', 'Ginnelly', '2018-01-03 02:40:16', 'offline'),
(35, 'dludlemw', 'dludlemw', 'Drona', 'Ludlem', '2018-01-03 02:40:16', 'offline'),
(36, 'kdearex', 'kdearex', 'Kearney', 'Deare', '2018-01-03 02:40:16', 'offline'),
(37, 'ykirckmany', 'ykirckmany', 'Yetta', 'Kirckman', '2018-01-03 02:40:16', 'offline'),
(38, 'jlapleyz', 'jlapleyz', 'Josias', 'Lapley', '2018-01-03 02:40:16', 'offline'),
(39, 'jgully10', 'jgully10', 'Joly', 'Gully', '2018-01-03 02:40:16', 'offline'),
(40, 'thughesdon11', 'thughesdon11', 'Theadora', 'Hughesdon', '2018-01-03 02:40:16', 'offline'),
(41, 'lcassie12', 'lcassie12', 'Lulita', 'Cassie', '2018-01-03 02:40:17', 'offline'),
(42, 'lgowans13', 'lgowans13', 'Leo', 'Gowans', '2018-01-03 02:40:17', 'offline'),
(43, 'mpund14', 'mpund14', 'Magdalen', 'Pund', '2018-01-03 02:40:17', 'offline'),
(44, 'bmaso15', 'bmaso15', 'Bee', 'Maso', '2018-01-03 02:40:17', 'offline'),
(45, 'zdilliston16', 'zdilliston16', 'Zena', 'Dilliston', '2018-01-03 02:40:17', 'offline'),
(46, 'rlabastida17', 'rlabastida17', 'Rafa', 'LaBastida', '2018-01-03 02:40:17', 'offline'),
(47, 'pbrown18', 'pbrown18', 'Pincas', 'Brown', '2018-01-03 02:40:17', 'offline'),
(48, 'aberriball19', 'aberriball19', 'Arlette', 'Berriball', '2018-01-03 02:40:17', 'offline'),
(49, 'mcoggan1a', 'mcoggan1a', 'Marvin', 'Coggan', '2018-01-03 02:40:17', 'offline'),
(50, 'khawkwood1b', 'khawkwood1b', 'Keven', 'Hawkwood', '2018-01-03 02:40:17', 'offline'),
(51, 'zpetricek1c', 'zpetricek1c', 'Zacharie', 'Petricek', '2018-01-03 02:40:17', 'offline'),
(52, 'ttatterton1d', 'ttatterton1d', 'Teddy', 'Tatterton', '2018-01-03 02:40:17', 'offline'),
(53, 'rstamp1e', 'rstamp1e', 'Ronnica', 'Stamp', '2018-01-03 02:40:17', 'offline'),
(54, 'rrobilliard1f', 'rrobilliard1f', 'Rupert', 'Robilliard', '2018-01-03 02:40:17', 'offline'),
(55, 'rkennler1g', 'rkennler1g', 'Raffaello', 'Kennler', '2018-01-03 02:40:17', 'offline'),
(56, 'dspoward1h', 'dspoward1h', 'Danny', 'Spoward', '2018-01-03 02:40:17', 'offline'),
(57, 'hcoyett1i', 'hcoyett1i', 'Hannie', 'Coyett', '2018-01-03 02:40:17', 'offline'),
(58, 'gollarenshaw1j', 'gollarenshaw1j', 'Griff', 'Ollarenshaw', '2018-01-03 02:40:17', 'offline'),
(59, 'dphlippi1k', 'dphlippi1k', 'Doy', 'Phlippi', '2018-01-03 02:40:17', 'offline'),
(60, 'gebsworth1l', 'gebsworth1l', 'Gaye', 'Ebsworth', '2018-01-03 02:40:17', 'offline'),
(61, 'lkippins1m', 'lkippins1m', 'Lily', 'Kippins', '2018-01-03 02:40:17', 'offline'),
(62, 'chelbeck1n', 'chelbeck1n', 'Corabelle', 'Helbeck', '2018-01-03 02:40:17', 'offline'),
(63, 'ssheer1o', 'ssheer1o', 'Stace', 'Sheer', '2018-01-03 02:40:17', 'offline'),
(64, 'dadolfson1p', 'dadolfson1p', 'Devin', 'Adolfson', '2018-01-03 02:40:17', 'offline'),
(65, 'jyewen1q', 'jyewen1q', 'Jasun', 'Yewen', '2018-01-03 02:40:17', 'offline'),
(66, 'bcours1r', 'bcours1r', 'Babbie', 'Cours', '2018-01-03 02:40:18', 'offline'),
(67, 'snolleau1s', 'snolleau1s', 'Sheilah', 'Nolleau', '2018-01-03 02:40:18', 'offline'),
(68, 'fluno1t', 'fluno1t', 'Francisco', 'Luno', '2018-01-03 02:40:18', 'offline'),
(69, 'eaubrun1u', 'eaubrun1u', 'Eamon', 'Aubrun', '2018-01-03 02:40:18', 'offline'),
(70, 'mscholer1v', 'mscholer1v', 'Madella', 'Scholer', '2018-01-03 02:40:18', 'offline'),
(71, 'clicciardiello1w', 'clicciardiello1w', 'Cathi', 'Licciardiello', '2018-01-03 02:40:18', 'offline'),
(72, 'afantham1x', 'afantham1x', 'Afton', 'Fantham', '2018-01-03 02:40:18', 'offline'),
(73, 'thurrell1y', 'thurrell1y', 'Tess', 'Hurrell', '2018-01-03 02:40:18', 'offline'),
(74, 'wfindlow1z', 'wfindlow1z', 'Whitby', 'Findlow', '2018-01-03 02:40:18', 'offline'),
(75, 'chutcheson20', 'chutcheson20', 'Caroline', 'Hutcheson', '2018-01-03 02:40:18', 'offline'),
(76, 'hkinforth21', 'hkinforth21', 'Hugh', 'Kinforth', '2018-01-03 02:40:18', 'offline'),
(77, 'geicheler22', 'geicheler22', 'Giulio', 'Eicheler', '2018-01-03 02:40:18', 'offline'),
(78, 'ppevsner23', 'ppevsner23', 'Parrnell', 'Pevsner', '2018-01-03 02:40:18', 'offline'),
(79, 'iilsley24', 'iilsley24', 'Irvin', 'Ilsley', '2018-01-03 02:40:18', 'offline'),
(80, 'hkernley25', 'hkernley25', 'Hobard', 'Kernley', '2018-01-03 02:40:18', 'offline'),
(81, 'bantrum26', 'bantrum26', 'Buiron', 'Antrum', '2018-01-03 02:40:18', 'offline'),
(82, 'rdilrew27', 'rdilrew27', 'Richard', 'Dilrew', '2018-01-03 02:40:18', 'offline'),
(83, 'jlorkin28', 'jlorkin28', 'Jethro', 'Lorkin', '2018-01-03 02:40:18', 'offline'),
(84, 'mtoffetto29', 'mtoffetto29', 'Margaux', 'Toffetto', '2018-01-03 02:40:18', 'offline'),
(85, 'sstanden2a', 'sstanden2a', 'Shayne', 'Standen', '2018-01-03 02:40:18', 'offline'),
(86, 'mfeetham2b', 'mfeetham2b', 'Masha', 'Feetham', '2018-01-03 02:40:18', 'offline'),
(87, 'mfayers2c', 'mfayers2c', 'Micheal', 'Fayers', '2018-01-03 02:40:18', 'offline'),
(88, 'ustolting2d', 'ustolting2d', 'Ursola', 'Stolting', '2018-01-03 02:40:18', 'offline'),
(89, 'ifranc2e', 'ifranc2e', 'Ingrid', 'Franc', '2018-01-03 02:40:18', 'offline'),
(90, 'gdabrowski2f', 'gdabrowski2f', 'Goldia', 'Dabrowski', '2018-01-03 02:40:18', 'offline'),
(91, 'eladds2g', 'eladds2g', 'Emera', 'Ladds', '2018-01-03 02:40:18', 'offline'),
(92, 'mlippitt2h', 'mlippitt2h', 'Morley', 'Lippitt', '2018-01-03 02:40:18', 'offline'),
(93, 'glowis2i', 'glowis2i', 'Ginnifer', 'Lowis', '2018-01-03 02:40:18', 'offline'),
(94, 'lmacdonald2j', 'lmacdonald2j', 'Lorilee', 'MacDonald', '2018-01-03 02:40:19', 'offline'),
(95, 'lalfwy2k', 'lalfwy2k', 'Lane', 'Alfwy', '2018-01-03 02:40:19', 'offline'),
(96, 'rwestrip2l', 'rwestrip2l', 'Renell', 'Westrip', '2018-01-03 02:40:19', 'offline'),
(97, 'rorrin2m', 'rorrin2m', 'Raine', 'Orrin', '2018-01-03 02:40:19', 'offline'),
(98, 'kportress2n', 'kportress2n', 'Kimmi', 'Portress', '2018-01-03 02:40:19', 'offline'),
(99, 'ceminson2o', 'ceminson2o', 'Casey', 'Eminson', '2018-01-03 02:40:19', 'offline'),
(100, 'ddowns2p', 'ddowns2p', 'Devlin', 'Downs', '2018-01-03 02:40:19', 'offline'),
(101, 'pchatan2q', 'pchatan2q', 'Perice', 'Chatan', '2018-01-03 02:40:19', 'offline'),
(102, 'bgarrison2r', 'bgarrison2r', 'Birk', 'Garrison', '2018-01-03 02:40:19', 'offline'),
(103, 'gchallin2s', 'gchallin2s', 'Gerrilee', 'Challin', '2018-01-03 02:40:19', 'offline'),
(104, 'tscholfield2t', 'tscholfield2t', 'Tybalt', 'Scholfield', '2018-01-03 02:40:19', 'offline'),
(105, 'driseborough2u', 'driseborough2u', 'Demetre', 'Riseborough', '2018-01-03 02:40:19', 'offline'),
(106, 'smckeney2v', 'smckeney2v', 'Sybyl', 'McKeney', '2018-01-03 02:40:19', 'offline'),
(107, 'jgoulder2w', 'jgoulder2w', 'Jsandye', 'Goulder', '2018-01-03 02:40:19', 'offline'),
(108, 'fpluck2x', 'fpluck2x', 'Franky', 'Pluck', '2018-01-03 02:40:19', 'offline'),
(109, 'hoxnam2y', 'hoxnam2y', 'Hetty', 'Oxnam', '2018-01-03 02:40:19', 'offline'),
(110, 'wkingerby2z', 'wkingerby2z', 'Whitney', 'Kingerby', '2018-01-03 02:40:19', 'offline'),
(111, 'mruperti30', 'mruperti30', 'Margarete', 'Ruperti', '2018-01-03 02:40:19', 'offline'),
(112, 'lbastie31', 'lbastie31', 'Laurene', 'Bastie', '2018-01-03 02:40:19', 'offline'),
(113, 'otym32', 'otym32', 'Oswell', 'Tym', '2018-01-03 02:40:19', 'offline'),
(114, 'jdavenell33', 'jdavenell33', 'Jacquetta', 'Davenell', '2018-01-03 02:40:19', 'offline'),
(115, 'pfarress34', 'pfarress34', 'Pat', 'Farress', '2018-01-03 02:40:19', 'offline'),
(116, 'jsisley35', 'jsisley35', 'Johnathan', 'Sisley', '2018-01-03 02:40:19', 'offline'),
(117, 'nmarde36', 'nmarde36', 'Naoma', 'Marde', '2018-01-03 02:40:19', 'offline'),
(118, 'fdurrant37', 'fdurrant37', 'Falito', 'Durrant', '2018-01-03 02:40:19', 'offline'),
(119, 'kolley38', 'kolley38', 'Kiersten', 'Olley', '2018-01-03 02:40:19', 'offline'),
(120, 'aluttger39', 'aluttger39', 'Alexandrina', 'Luttger', '2018-01-03 02:40:19', 'offline'),
(121, 'bbatham3a', 'bbatham3a', 'Blaine', 'Batham', '2018-01-03 02:40:20', 'offline'),
(122, 'dmounce3b', 'dmounce3b', 'Darla', 'Mounce', '2018-01-03 02:40:20', 'offline'),
(123, 'tscroxton3c', 'tscroxton3c', 'Trix', 'Scroxton', '2018-01-03 02:40:20', 'offline'),
(124, 'keteen3d', 'keteen3d', 'Kitti', 'Eteen', '2018-01-03 02:40:20', 'offline'),
(125, 'ckubis3e', 'ckubis3e', 'Corenda', 'Kubis', '2018-01-03 02:40:20', 'offline'),
(126, 'mdoddridge3f', 'mdoddridge3f', 'Maurene', 'Doddridge', '2018-01-03 02:40:20', 'offline'),
(127, 'gkeetch3g', 'gkeetch3g', 'Gregory', 'Keetch', '2018-01-03 02:40:20', 'offline'),
(128, 'ymcmeanma3h', 'ymcmeanma3h', 'Yelena', 'McMeanma', '2018-01-03 02:40:20', 'offline'),
(129, 'pgresham3i', 'pgresham3i', 'Poppy', 'Gresham', '2018-01-03 02:40:20', 'offline'),
(130, 'tkilgrove3j', 'tkilgrove3j', 'Trace', 'Kilgrove', '2018-01-03 02:40:20', 'offline'),
(131, 'snewcombe3k', 'snewcombe3k', 'Sutton', 'Newcombe', '2018-01-03 02:40:20', 'offline'),
(132, 'sbastock3l', 'sbastock3l', 'Sax', 'Bastock', '2018-01-03 02:40:20', 'offline'),
(133, 'neveriss3m', 'neveriss3m', 'Nadya', 'Everiss', '2018-01-03 02:40:20', 'offline'),
(134, 'mmcivor3n', 'mmcivor3n', 'Mallorie', 'McIvor', '2018-01-03 02:40:20', 'offline'),
(135, 'lpenrice3o', 'lpenrice3o', 'Lucinda', 'Penrice', '2018-01-03 02:40:20', 'offline'),
(136, 'cmonte3p', 'cmonte3p', 'Chane', 'Monte', '2018-01-03 02:40:20', 'offline'),
(137, 'jtwigge3q', 'jtwigge3q', 'Jori', 'Twigge', '2018-01-03 02:40:20', 'offline'),
(138, 'bcroote3r', 'bcroote3r', 'Beck', 'Croote', '2018-01-03 02:40:20', 'offline'),
(139, 'dmoodie3s', 'dmoodie3s', 'Di', 'Moodie', '2018-01-03 02:40:20', 'offline'),
(140, 'ntimbridge3t', 'ntimbridge3t', 'Ninette', 'Timbridge', '2018-01-03 02:40:20', 'offline'),
(141, 'swardel3u', 'swardel3u', 'Sorcha', 'Wardel', '2018-01-03 02:40:20', 'offline'),
(142, 'ccolbrun3v', 'ccolbrun3v', 'Chrysa', 'Colbrun', '2018-01-03 02:40:20', 'offline'),
(143, 'emasdin3w', 'emasdin3w', 'Evelyn', 'Masdin', '2018-01-03 02:40:20', 'offline'),
(144, 'nbrabender3x', 'nbrabender3x', 'Nikola', 'Brabender', '2018-01-03 02:40:21', 'offline'),
(145, 'dscimone3y', 'dscimone3y', 'Domini', 'Scimone', '2018-01-03 02:40:21', 'offline'),
(146, 'vdeblasi3z', 'vdeblasi3z', 'Vinnie', 'De Blasi', '2018-01-03 02:40:21', 'offline'),
(147, 'ekennion40', 'ekennion40', 'Erastus', 'Kennion', '2018-01-03 02:40:21', 'offline'),
(148, 'hlerego41', 'hlerego41', 'Hayes', 'Lerego', '2018-01-03 02:40:21', 'offline'),
(149, 'ncoath42', 'ncoath42', 'Nikaniki', 'Coath', '2018-01-03 02:40:21', 'offline'),
(150, 'cmoyers43', 'cmoyers43', 'Carlin', 'Moyers', '2018-01-03 02:40:21', 'offline'),
(151, 'tpink44', 'tpink44', 'Tanitansy', 'Pink', '2018-01-03 02:40:21', 'offline'),
(152, 'kbetancourt45', 'kbetancourt45', 'Karalee', 'Betancourt', '2018-01-03 02:40:21', 'offline'),
(153, 'hmacnair46', 'hmacnair46', 'Hy', 'MacNair', '2018-01-03 02:40:21', 'offline'),
(154, 'ljackling47', 'ljackling47', 'Lynnett', 'Jackling', '2018-01-03 02:40:21', 'offline'),
(155, 'cgooda48', 'cgooda48', 'Cindie', 'Gooda', '2018-01-03 02:40:21', 'offline'),
(156, 'csmallridge49', 'csmallridge49', 'Christian', 'Smallridge', '2018-01-03 02:40:21', 'offline'),
(157, 'rropert4a', 'rropert4a', 'Reba', 'Ropert', '2018-01-03 02:40:21', 'offline'),
(158, 'gmcisaac4b', 'gmcisaac4b', 'Gerianne', 'McIsaac', '2018-01-03 02:40:21', 'offline'),
(159, 'dboatright4c', 'dboatright4c', 'Davida', 'Boatright', '2018-01-03 02:40:21', 'offline'),
(160, 'cbinns4d', 'cbinns4d', 'Coletta', 'Binns', '2018-01-03 02:40:21', 'offline'),
(161, 'jbramford4e', 'jbramford4e', 'Jaymee', 'Bramford', '2018-01-03 02:40:21', 'offline'),
(162, 'wmccromley4f', 'wmccromley4f', 'Wallas', 'McCromley', '2018-01-03 02:40:21', 'offline'),
(163, 'omacro4g', 'omacro4g', 'Olivia', 'Macro', '2018-01-03 02:40:21', 'offline'),
(164, 'esolway4h', 'esolway4h', 'Engelbert', 'Solway', '2018-01-03 02:40:21', 'offline'),
(165, 'fsidery4i', 'fsidery4i', 'Ferne', 'Sidery', '2018-01-03 02:40:21', 'offline'),
(166, 'awhal4j', 'awhal4j', 'Adora', 'Whal', '2018-01-03 02:40:21', 'offline'),
(167, 'gselcraig4k', 'gselcraig4k', 'Giulio', 'Selcraig', '2018-01-03 02:40:21', 'offline'),
(168, 'jdiano4l', 'jdiano4l', 'Junia', 'Diano', '2018-01-03 02:40:22', 'offline'),
(169, 'ledgecumbe4m', 'ledgecumbe4m', 'Layla', 'Edgecumbe', '2018-01-03 02:40:22', 'offline'),
(170, 'tconlon4n', 'tconlon4n', 'Thorin', 'Conlon', '2018-01-03 02:40:22', 'offline'),
(171, 'rbedo4o', 'rbedo4o', 'Rori', 'Bedo', '2018-01-03 02:40:22', 'offline'),
(172, 'bathey4p', 'bathey4p', 'Barbra', 'Athey', '2018-01-03 02:40:22', 'offline'),
(173, 'blippini4q', 'blippini4q', 'Bryn', 'Lippini', '2018-01-03 02:40:22', 'offline'),
(174, 'aglauber4r', 'aglauber4r', 'Ana', 'Glauber', '2018-01-03 02:40:22', 'offline'),
(175, 'cshillington4s', 'cshillington4s', 'Cosmo', 'Shillington', '2018-01-03 02:40:22', 'offline'),
(176, 'ssalsberg4t', 'ssalsberg4t', 'Stella', 'Salsberg', '2018-01-03 02:40:22', 'offline'),
(177, 'chay4u', 'chay4u', 'Catherina', 'Hay', '2018-01-03 02:40:22', 'offline'),
(178, 'bballam4v', 'bballam4v', 'Bride', 'Ballam', '2018-01-03 02:40:22', 'offline'),
(179, 'opaulisch4w', 'opaulisch4w', 'Orland', 'Paulisch', '2018-01-03 02:40:22', 'offline'),
(180, 'ccanellas4x', 'ccanellas4x', 'Carter', 'Canellas', '2018-01-03 02:40:22', 'offline'),
(181, 'gmackrill4y', 'gmackrill4y', 'Griff', 'Mackrill', '2018-01-03 02:40:22', 'offline'),
(182, 'jschubart4z', 'jschubart4z', 'Julissa', 'Schubart', '2018-01-03 02:40:22', 'offline'),
(183, 'lwandrich50', 'lwandrich50', 'Lester', 'Wandrich', '2018-01-03 02:40:22', 'offline'),
(184, 'glisett51', 'glisett51', 'Grant', 'Lisett', '2018-01-03 02:40:22', 'offline'),
(185, 'apeert52', 'apeert52', 'Abbot', 'Peert', '2018-01-03 02:40:22', 'offline'),
(186, 'hdryburgh53', 'hdryburgh53', 'Heloise', 'Dryburgh', '2018-01-03 02:40:22', 'offline'),
(187, 'drispen54', 'drispen54', 'Dalila', 'Rispen', '2018-01-03 02:40:22', 'offline'),
(188, 'fcresswell55', 'fcresswell55', 'Fleurette', 'Cresswell', '2018-01-03 02:40:22', 'offline'),
(189, 'tmassimi56', 'tmassimi56', 'Temple', 'Massimi', '2018-01-03 02:40:22', 'offline'),
(190, 'bcoundley57', 'bcoundley57', 'Billie', 'Coundley', '2018-01-03 02:40:22', 'offline'),
(191, 'tgooly58', 'tgooly58', 'Tonye', 'Gooly', '2018-01-03 02:40:22', 'offline'),
(192, 'gfloyd59', 'gfloyd59', 'Garold', 'Floyd', '2018-01-03 02:40:22', 'offline'),
(193, 'cciobutaro5a', 'cciobutaro5a', 'Carlie', 'Ciobutaro', '2018-01-03 02:40:22', 'offline'),
(194, 'lklimontovich5b', 'lklimontovich5b', 'Lanae', 'Klimontovich', '2018-01-03 02:40:22', 'offline'),
(195, 'telcome5c', 'telcome5c', 'Tildi', 'Elcome', '2018-01-03 02:40:22', 'offline'),
(196, 'mbrigden5d', 'mbrigden5d', 'Melvyn', 'Brigden', '2018-01-03 02:40:23', 'offline'),
(197, 'gtremathick5e', 'gtremathick5e', 'Gertie', 'Tremathick', '2018-01-03 02:40:23', 'offline'),
(198, 'ryouson5f', 'ryouson5f', 'Rollie', 'Youson', '2018-01-03 02:40:23', 'offline'),
(199, 'ibendix5g', 'ibendix5g', 'Ingmar', 'Bendix', '2018-01-03 02:40:23', 'offline'),
(200, 'tcolkett5h', 'tcolkett5h', 'Trenton', 'Colkett', '2018-01-03 02:40:23', 'offline'),
(201, 'kpichmann5i', 'kpichmann5i', 'Katleen', 'Pichmann', '2018-01-03 02:40:23', 'offline'),
(202, 'jatherley5j', 'jatherley5j', 'Jo-ann', 'Atherley', '2018-01-03 02:40:23', 'offline'),
(203, 'tgollop5k', 'tgollop5k', 'Tommie', 'Gollop', '2018-01-03 02:40:23', 'offline'),
(204, 'alorden5l', 'alorden5l', 'Adam', 'Lorden', '2018-01-03 02:40:23', 'offline'),
(205, 'akennaird5m', 'akennaird5m', 'Alfredo', 'Kennaird', '2018-01-03 02:40:23', 'offline'),
(206, 'hbambury5n', 'hbambury5n', 'Heall', 'Bambury', '2018-01-03 02:40:23', 'offline'),
(207, 'cbarrs5o', 'cbarrs5o', 'Chrissie', 'Barrs', '2018-01-03 02:40:23', 'offline'),
(208, 'mgrevatt5p', 'mgrevatt5p', 'Matti', 'Grevatt', '2018-01-03 02:40:23', 'offline'),
(209, 'rmarke5q', 'rmarke5q', 'Rosemarie', 'Marke', '2018-01-03 02:40:23', 'offline'),
(210, 'rgrombridge5r', 'rgrombridge5r', 'Reidar', 'Grombridge', '2018-01-03 02:40:23', 'offline'),
(211, 'mdemoge5s', 'mdemoge5s', 'Mill', 'Demoge', '2018-01-03 02:40:23', 'offline'),
(212, 'mcondie5t', 'mcondie5t', 'Marv', 'Condie', '2018-01-03 02:40:23', 'offline'),
(213, 'iscardefield5u', 'iscardefield5u', 'Ileane', 'Scardefield', '2018-01-03 02:40:23', 'offline'),
(214, 'tosburn5v', 'tosburn5v', 'Tuesday', 'Osburn', '2018-01-03 02:40:23', 'offline'),
(215, 'hagney5w', 'hagney5w', 'Hamlen', 'Agney', '2018-01-03 02:40:23', 'offline'),
(216, 'fhafner5x', 'fhafner5x', 'Frannie', 'Hafner', '2018-01-03 02:40:23', 'offline'),
(217, 'mplayle5y', 'mplayle5y', 'Marysa', 'Playle', '2018-01-03 02:40:23', 'offline'),
(218, 'astandering5z', 'astandering5z', 'Ariel', 'Standering', '2018-01-03 02:40:23', 'offline'),
(219, 'zbradnock60', 'zbradnock60', 'Zara', 'Bradnock', '2018-01-03 02:40:23', 'offline'),
(220, 'ctregunna61', 'ctregunna61', 'Chrystal', 'Tregunna', '2018-01-03 02:40:23', 'offline'),
(221, 'nkmietsch62', 'nkmietsch62', 'Nowell', 'Kmietsch', '2018-01-03 02:40:23', 'offline'),
(222, 'adanovich63', 'adanovich63', 'Amory', 'Danovich', '2018-01-03 02:40:24', 'offline'),
(223, 'econkie64', 'econkie64', 'Emilia', 'Conkie', '2018-01-03 02:40:24', 'offline'),
(224, 'ffarrant65', 'ffarrant65', 'Frankie', 'Farrant', '2018-01-03 02:40:24', 'offline'),
(225, 'mbeswetherick66', 'mbeswetherick66', 'Masha', 'Beswetherick', '2018-01-03 02:40:24', 'offline'),
(226, 'tattwood67', 'tattwood67', 'Tye', 'Attwood', '2018-01-03 02:40:24', 'offline'),
(227, 'dnormanville68', 'dnormanville68', 'Dennet', 'Normanville', '2018-01-03 02:40:24', 'offline'),
(228, 'dcrisford69', 'dcrisford69', 'Darb', 'Crisford', '2018-01-03 02:40:24', 'offline'),
(229, 'lmacon6a', 'lmacon6a', 'Lorettalorna', 'Macon', '2018-01-03 02:40:24', 'offline'),
(230, 'vciric6b', 'vciric6b', 'Verne', 'Ciric', '2018-01-03 02:40:24', 'offline'),
(231, 'sfinch6c', 'sfinch6c', 'Salome', 'Finch', '2018-01-03 02:40:24', 'offline'),
(232, 'ebichener6d', 'ebichener6d', 'Elisha', 'Bichener', '2018-01-03 02:40:24', 'offline'),
(233, 'mstradling6e', 'mstradling6e', 'Massimiliano', 'Stradling', '2018-01-03 02:40:24', 'offline'),
(234, 'jstit6f', 'jstit6f', 'Jillana', 'Stit', '2018-01-03 02:40:24', 'offline'),
(235, 'mgoggin6g', 'mgoggin6g', 'Mason', 'Goggin', '2018-01-03 02:40:24', 'offline'),
(236, 'drayburn6h', 'drayburn6h', 'Dyann', 'Rayburn', '2018-01-03 02:40:24', 'offline'),
(237, 'mcolvin6i', 'mcolvin6i', 'Mallorie', 'Colvin', '2018-01-03 02:40:24', 'offline'),
(238, 'jbrownhall6j', 'jbrownhall6j', 'Julie', 'Brownhall', '2018-01-03 02:40:24', 'offline'),
(239, 'rpickersgill6k', 'rpickersgill6k', 'Roda', 'Pickersgill', '2018-01-03 02:40:24', 'offline'),
(240, 'dcouvet6l', 'dcouvet6l', 'Daphna', 'Couvet', '2018-01-03 02:40:24', 'offline'),
(241, 'mthay6m', 'mthay6m', 'Margret', 'Thay', '2018-01-03 02:40:24', 'offline'),
(242, 'ctriggel6n', 'ctriggel6n', 'Cleve', 'Triggel', '2018-01-03 02:40:24', 'offline'),
(243, 'rfawlks6o', 'rfawlks6o', 'Rouvin', 'Fawlks', '2018-01-03 02:40:24', 'offline'),
(244, 'vdomleo6p', 'vdomleo6p', 'Valentina', 'Domleo', '2018-01-03 02:40:24', 'offline'),
(245, 'sjorg6q', 'sjorg6q', 'Staford', 'Jorg', '2018-01-03 02:40:25', 'offline'),
(246, 'wspratling6r', 'wspratling6r', 'Wood', 'Spratling', '2018-01-03 02:40:25', 'offline'),
(247, 'qbuddles6s', 'qbuddles6s', 'Quintana', 'Buddles', '2018-01-03 02:40:25', 'offline'),
(248, 'rlongea6t', 'rlongea6t', 'Richmound', 'Longea', '2018-01-03 02:40:25', 'offline'),
(249, 'tcourtenay6u', 'tcourtenay6u', 'Tiffany', 'Courtenay', '2018-01-03 02:40:25', 'offline'),
(250, 'rmounch6v', 'rmounch6v', 'Rubetta', 'Mounch', '2018-01-03 02:40:25', 'offline'),
(251, 'ftakkos6w', 'ftakkos6w', 'Fanchon', 'Takkos', '2018-01-03 02:40:25', 'offline'),
(252, 'dwybern6x', 'dwybern6x', 'Doll', 'Wybern', '2018-01-03 02:40:25', 'offline'),
(253, 'acrasford6y', 'acrasford6y', 'Anastasia', 'Crasford', '2018-01-03 02:40:25', 'offline'),
(254, 'wbooi6z', 'wbooi6z', 'Wood', 'Booi', '2018-01-03 02:40:25', 'offline'),
(255, 'gdonaho70', 'gdonaho70', 'Griz', 'Donaho', '2018-01-03 02:40:25', 'offline'),
(256, 'dcisec71', 'dcisec71', 'Dede', 'Cisec', '2018-01-03 02:40:25', 'offline'),
(257, 'bfurzer72', 'bfurzer72', 'Berk', 'Furzer', '2018-01-03 02:40:25', 'offline'),
(258, 'gsaull73', 'gsaull73', 'Gilemette', 'Saull', '2018-01-03 02:40:25', 'offline'),
(259, 'lcecchetelli74', 'lcecchetelli74', 'Lane', 'Cecchetelli', '2018-01-03 02:40:25', 'offline'),
(260, 'bboots75', 'bboots75', 'Bernette', 'Boots', '2018-01-03 02:40:25', 'offline'),
(261, 'fmaulin76', 'fmaulin76', 'Florida', 'Maulin', '2018-01-03 02:40:25', 'offline'),
(262, 'nrieger77', 'nrieger77', 'Nolie', 'Rieger', '2018-01-03 02:40:25', 'offline'),
(263, 'fislip78', 'fislip78', 'Findley', 'Islip', '2018-01-03 02:40:25', 'offline'),
(264, 'dsturgeon79', 'dsturgeon79', 'Derby', 'Sturgeon', '2018-01-03 02:40:25', 'offline'),
(265, 'lselburn7a', 'lselburn7a', 'Luci', 'Selburn', '2018-01-03 02:40:25', 'offline'),
(266, 'mdodshun7b', 'mdodshun7b', 'Mellisent', 'Dodshun', '2018-01-03 02:40:25', 'offline'),
(267, 'caxcell7c', 'caxcell7c', 'Claudette', 'Axcell', '2018-01-03 02:40:25', 'offline'),
(268, 'tnuemann7d', 'tnuemann7d', 'Tallie', 'Nuemann', '2018-01-03 02:40:26', 'offline'),
(269, 'cpalleske7e', 'cpalleske7e', 'Cole', 'Palleske', '2018-01-03 02:40:26', 'offline'),
(270, 'hjurick7f', 'hjurick7f', 'Holt', 'Jurick', '2018-01-03 02:40:26', 'offline'),
(271, 'fknowles7g', 'fknowles7g', 'Fergus', 'Knowles', '2018-01-03 02:40:26', 'offline'),
(272, 'tcalcott7h', 'tcalcott7h', 'Teddi', 'Calcott', '2018-01-03 02:40:26', 'offline'),
(273, 'mrewcassell7i', 'mrewcassell7i', 'Mortimer', 'Rewcassell', '2018-01-03 02:40:26', 'offline'),
(274, 'skinnerk7j', 'skinnerk7j', 'Shermie', 'Kinnerk', '2018-01-03 02:40:26', 'offline'),
(275, 'jgreener7k', 'jgreener7k', 'Jacynth', 'Greener', '2018-01-03 02:40:26', 'offline'),
(276, 'estucke7l', 'estucke7l', 'Evangelia', 'Stucke', '2018-01-03 02:40:26', 'offline'),
(277, 'gparkinson7m', 'gparkinson7m', 'Graham', 'Parkinson', '2018-01-03 02:40:26', 'offline'),
(278, 'myansons7n', 'myansons7n', 'Marabel', 'Yansons', '2018-01-03 02:40:26', 'offline'),
(279, 'qcail7o', 'qcail7o', 'Quentin', 'Cail', '2018-01-03 02:40:26', 'offline'),
(280, 'ddejuares7p', 'ddejuares7p', 'Denny', 'de Juares', '2018-01-03 02:40:26', 'offline'),
(281, 'clemaitre7q', 'clemaitre7q', 'Claude', 'Le Maitre', '2018-01-03 02:40:26', 'offline'),
(282, 'clakin7r', 'clakin7r', 'Corny', 'Lakin', '2018-01-03 02:40:26', 'offline'),
(283, 'asimondson7s', 'asimondson7s', 'Alison', 'Simondson', '2018-01-03 02:40:26', 'offline'),
(284, 'cdurram7t', 'cdurram7t', 'Crissy', 'Durram', '2018-01-03 02:40:26', 'offline'),
(285, 'nkobel7u', 'nkobel7u', 'Nikolas', 'Kobel', '2018-01-03 02:40:26', 'offline'),
(286, 'bsproston7v', 'bsproston7v', 'Bernard', 'Sproston', '2018-01-03 02:40:26', 'offline'),
(287, 'lcamings7w', 'lcamings7w', 'Leilah', 'Camings', '2018-01-03 02:40:26', 'offline'),
(288, 'utassel7x', 'utassel7x', 'Ursula', 'Tassel', '2018-01-03 02:40:26', 'offline'),
(289, 'dricioppo7y', 'dricioppo7y', 'Dominique', 'Ricioppo', '2018-01-03 02:40:26', 'offline'),
(290, 'ncheatle7z', 'ncheatle7z', 'Nikaniki', 'Cheatle', '2018-01-03 02:40:26', 'offline'),
(291, 'ovarey80', 'ovarey80', 'Orton', 'Varey', '2018-01-03 02:40:26', 'offline'),
(292, 'isollitt81', 'isollitt81', 'Isa', 'Sollitt', '2018-01-03 02:40:27', 'offline'),
(293, 'nmccaughan82', 'nmccaughan82', 'Nick', 'Mc Caughan', '2018-01-03 02:40:27', 'offline'),
(294, 'slewty83', 'slewty83', 'Simona', 'Lewty', '2018-01-03 02:40:27', 'offline'),
(295, 'cblakely84', 'cblakely84', 'Caritta', 'Blakely', '2018-01-03 02:40:27', 'offline'),
(296, 'mcatling85', 'mcatling85', 'Marcos', 'Catling', '2018-01-03 02:40:27', 'offline'),
(297, 'awilby86', 'awilby86', 'Adiana', 'Wilby', '2018-01-03 02:40:27', 'offline'),
(298, 'jtonnesen87', 'jtonnesen87', 'Jacqui', 'Tonnesen', '2018-01-03 02:40:27', 'offline'),
(299, 'bmcshee88', 'bmcshee88', 'Britteny', 'McShee', '2018-01-03 02:40:27', 'offline'),
(300, 'ishulver89', 'ishulver89', 'Irita', 'Shulver', '2018-01-03 02:40:27', 'offline'),
(301, 'bmontgomery8a', 'bmontgomery8a', 'Bamby', 'Montgomery', '2018-01-03 02:40:27', 'offline'),
(302, 'nbringloe8b', 'nbringloe8b', 'Nikki', 'Bringloe', '2018-01-03 02:40:27', 'offline'),
(303, 'jortells8c', 'jortells8c', 'Joanne', 'Ortells', '2018-01-03 02:40:27', 'offline'),
(304, 'zlukash8d', 'zlukash8d', 'Zeb', 'Lukash', '2018-01-03 02:40:27', 'offline'),
(305, 'fchapellow8e', 'fchapellow8e', 'Freddie', 'Chapellow', '2018-01-03 02:40:27', 'offline'),
(306, 'mcastelletti8f', 'mcastelletti8f', 'Mandy', 'Castelletti', '2018-01-03 02:40:27', 'offline'),
(307, 'kbleackley8g', 'kbleackley8g', 'Kalli', 'Bleackley', '2018-01-03 02:40:27', 'offline'),
(308, 'gkeningley8h', 'gkeningley8h', 'Gretta', 'Keningley', '2018-01-03 02:40:27', 'offline'),
(309, 'rdungay8i', 'rdungay8i', 'Ravi', 'Dungay', '2018-01-03 02:40:27', 'offline'),
(310, 'pgilhooley8j', 'pgilhooley8j', 'Pippy', 'Gilhooley', '2018-01-03 02:40:27', 'offline'),
(311, 'nforth8k', 'nforth8k', 'Nora', 'Forth', '2018-01-03 02:40:27', 'offline'),
(312, 'cplanks8l', 'cplanks8l', 'Carola', 'Planks', '2018-01-03 02:40:27', 'offline'),
(313, 'tstreeting8m', 'tstreeting8m', 'Taite', 'Streeting', '2018-01-03 02:40:27', 'offline'),
(314, 'anicklin8n', 'anicklin8n', 'Aida', 'Nicklin', '2018-01-03 02:40:27', 'offline'),
(315, 'carlott8o', 'carlott8o', 'Calv', 'Arlott', '2018-01-03 02:40:27', 'offline'),
(316, 'zfolds8p', 'zfolds8p', 'Zachary', 'Folds', '2018-01-03 02:40:28', 'offline'),
(317, 'rthome8q', 'rthome8q', 'Raven', 'Thome', '2018-01-03 02:40:28', 'offline'),
(318, 'econa8r', 'econa8r', 'Elyssa', 'Cona', '2018-01-03 02:40:28', 'offline'),
(319, 'tege8s', 'tege8s', 'Ted', 'Ege', '2018-01-03 02:40:28', 'offline'),
(320, 'droycroft8t', 'droycroft8t', 'Dody', 'Roycroft', '2018-01-03 02:40:28', 'offline'),
(321, 'nconerding8u', 'nconerding8u', 'Nicky', 'Conerding', '2018-01-03 02:40:28', 'offline'),
(322, 'dbrumwell8v', 'dbrumwell8v', 'Delores', 'Brumwell', '2018-01-03 02:40:28', 'offline'),
(323, 'nspriggin8w', 'nspriggin8w', 'Nikolia', 'Spriggin', '2018-01-03 02:40:28', 'offline'),
(324, 'sferens8x', 'sferens8x', 'Saloma', 'Ferens', '2018-01-03 02:40:28', 'offline'),
(325, 'mshinefield8y', 'mshinefield8y', 'Martyn', 'Shinefield', '2018-01-03 02:40:28', 'offline'),
(326, 'cbohlingolsen8z', 'cbohlingolsen8z', 'Cinderella', 'BoHlingolsen', '2018-01-03 02:40:28', 'offline'),
(327, 'ujoiner90', 'ujoiner90', 'Uriel', 'Joiner', '2018-01-03 02:40:28', 'offline'),
(328, 'gmcphillips91', 'gmcphillips91', 'Grace', 'McPhillips', '2018-01-03 02:40:28', 'offline'),
(329, 'imesser92', 'imesser92', 'Isabeau', 'Messer', '2018-01-03 02:40:28', 'offline'),
(330, 'toldred93', 'toldred93', 'Trula', 'Oldred', '2018-01-03 02:40:28', 'offline'),
(331, 'craittie94', 'craittie94', 'Codi', 'Raittie', '2018-01-03 02:40:28', 'offline'),
(332, 'pcoke95', 'pcoke95', 'Phillipe', 'Coke', '2018-01-03 02:40:28', 'offline'),
(333, 'wbellino96', 'wbellino96', 'Walsh', 'Bellino', '2018-01-03 02:40:28', 'offline'),
(334, 'acarbry97', 'acarbry97', 'Allyson', 'Carbry', '2018-01-03 02:40:28', 'offline'),
(335, 'dgooke98', 'dgooke98', 'Dionis', 'Gooke', '2018-01-03 02:40:28', 'offline'),
(336, 'aantonich99', 'aantonich99', 'Alicia', 'Antonich', '2018-01-03 02:40:28', 'offline'),
(337, 'rjackman9a', 'rjackman9a', 'Rici', 'Jackman', '2018-01-03 02:40:28', 'offline'),
(338, 'sscawton9b', 'sscawton9b', 'Shirlene', 'Scawton', '2018-01-03 02:40:28', 'offline'),
(339, 'lolyunin9c', 'lolyunin9c', 'Lilly', 'Olyunin', '2018-01-03 02:40:29', 'offline'),
(340, 'hwasling9d', 'hwasling9d', 'Hastings', 'Wasling', '2018-01-03 02:40:29', 'offline'),
(341, 'fsissens9e', 'fsissens9e', 'Filbert', 'Sissens', '2018-01-03 02:40:29', 'offline'),
(342, 'hputnam9f', 'hputnam9f', 'Harley', 'Putnam', '2018-01-03 02:40:29', 'offline'),
(343, 'bgriffitt9g', 'bgriffitt9g', 'Bambi', 'Griffitt', '2018-01-03 02:40:29', 'offline'),
(344, 'lharrie9h', 'lharrie9h', 'Lenna', 'Harrie', '2018-01-03 02:40:29', 'offline'),
(345, 'tdemalchar9i', 'tdemalchar9i', 'Tani', 'De Malchar', '2018-01-03 02:40:29', 'offline'),
(346, 'tshowler9j', 'tshowler9j', 'Terrance', 'Showler', '2018-01-03 02:40:29', 'offline'),
(347, 'beakley9k', 'beakley9k', 'Bentlee', 'Eakley', '2018-01-03 02:40:29', 'offline'),
(348, 'pedger9l', 'pedger9l', 'Pepi', 'Edger', '2018-01-03 02:40:29', 'offline'),
(349, 'ddelcastello9m', 'ddelcastello9m', 'Damon', 'Del Castello', '2018-01-03 02:40:29', 'offline'),
(350, 'alemme9n', 'alemme9n', 'Adria', 'Lemme', '2018-01-03 02:40:29', 'offline'),
(351, 'pflatman9o', 'pflatman9o', 'Pepi', 'Flatman', '2018-01-03 02:40:29', 'offline'),
(352, 'aclarke9p', 'aclarke9p', 'Albertina', 'Clarke', '2018-01-03 02:40:29', 'offline'),
(353, 'eagnew9q', 'eagnew9q', 'Emilio', 'Agnew', '2018-01-03 02:40:29', 'offline'),
(354, 'dbloomer9r', 'dbloomer9r', 'Dorri', 'Bloomer', '2018-01-03 02:40:29', 'offline'),
(355, 'fbaseggio9s', 'fbaseggio9s', 'Fedora', 'Baseggio', '2018-01-03 02:40:29', 'offline'),
(356, 'cgutsell9t', 'cgutsell9t', 'Cody', 'Gutsell', '2018-01-03 02:40:29', 'offline'),
(357, 'mhuglin9u', 'mhuglin9u', 'Montague', 'Huglin', '2018-01-03 02:40:29', 'offline'),
(358, 'salesi9v', 'salesi9v', 'Sherrie', 'Alesi', '2018-01-03 02:40:29', 'offline'),
(359, 'wjorn9w', 'wjorn9w', 'Whitaker', 'Jorn', '2018-01-03 02:40:29', 'offline'),
(360, 'lthackwray9x', 'lthackwray9x', 'Loralyn', 'Thackwray', '2018-01-03 02:40:29', 'offline'),
(361, 'derington9y', 'derington9y', 'Deck', 'Erington', '2018-01-03 02:40:30', 'offline'),
(362, 'lattlee9z', 'lattlee9z', 'Lissi', 'Attlee', '2018-01-03 02:40:30', 'offline'),
(363, 'bbrimmacombea0', 'bbrimmacombea0', 'Bronnie', 'Brimmacombe', '2018-01-03 02:40:30', 'offline'),
(364, 'tgagera1', 'tgagera1', 'Toby', 'Gager', '2018-01-03 02:40:30', 'offline'),
(365, 'rhucksteppa2', 'rhucksteppa2', 'Rowena', 'Huckstepp', '2018-01-03 02:40:30', 'offline'),
(366, 'jjaycocksa3', 'jjaycocksa3', 'Jaine', 'Jaycocks', '2018-01-03 02:40:30', 'offline'),
(367, 'arosendahla4', 'arosendahla4', 'Alix', 'Rosendahl', '2018-01-03 02:40:30', 'offline'),
(368, 'adanilova5', 'adanilova5', 'Avictor', 'Danilov', '2018-01-03 02:40:30', 'offline'),
(369, 'lpawleya6', 'lpawleya6', 'Lisle', 'Pawley', '2018-01-03 02:40:30', 'offline'),
(370, 'ciannoa7', 'ciannoa7', 'Corrie', 'Ianno', '2018-01-03 02:40:30', 'offline'),
(371, 'dyakunchikova8', 'dyakunchikova8', 'Donalt', 'Yakunchikov', '2018-01-03 02:40:30', 'offline'),
(372, 'gmacanelleya9', 'gmacanelleya9', 'Georas', 'MacAnelley', '2018-01-03 02:40:30', 'offline'),
(373, 'bsweetenhamaa', 'bsweetenhamaa', 'Beatrix', 'Sweetenham', '2018-01-03 02:40:30', 'offline'),
(374, 'gsandbrookab', 'gsandbrookab', 'Gaynor', 'Sandbrook', '2018-01-03 02:40:30', 'offline'),
(375, 'rmelbournac', 'rmelbournac', 'Roberto', 'Melbourn', '2018-01-03 02:40:30', 'offline'),
(376, 'caubrayad', 'caubrayad', 'Cecily', 'Aubray', '2018-01-03 02:40:30', 'offline'),
(377, 'oeloiae', 'oeloiae', 'Olly', 'Eloi', '2018-01-03 02:40:30', 'offline'),
(378, 'aschieferstenaf', 'aschieferstenaf', 'Ainslee', 'Schiefersten', '2018-01-03 02:40:30', 'offline'),
(379, 'gduckworthag', 'gduckworthag', 'Gennifer', 'Duckworth', '2018-01-03 02:40:30', 'offline'),
(380, 'zlinceah', 'zlinceah', 'Zoe', 'Lince', '2018-01-03 02:40:30', 'offline'),
(381, 'cbrughai', 'cbrughai', 'Corabelle', 'Brugh', '2018-01-03 02:40:30', 'offline'),
(382, 'kwyethaj', 'kwyethaj', 'Karel', 'Wyeth', '2018-01-03 02:40:30', 'offline'),
(383, 'gascroftak', 'gascroftak', 'Gussie', 'Ascroft', '2018-01-03 02:40:30', 'offline'),
(384, 'bmacalpyneal', 'bmacalpyneal', 'Briney', 'MacAlpyne', '2018-01-03 02:40:30', 'offline'),
(385, 'cwinspurram', 'cwinspurram', 'Christophorus', 'Winspurr', '2018-01-03 02:40:31', 'offline'),
(386, 'ksaunteran', 'ksaunteran', 'Katheryn', 'Saunter', '2018-01-03 02:40:31', 'offline'),
(387, 'tdebellao', 'tdebellao', 'Tate', 'Debell', '2018-01-03 02:40:31', 'offline'),
(388, 'sfallisap', 'sfallisap', 'Sileas', 'Fallis', '2018-01-03 02:40:31', 'offline'),
(389, 'ttwiddellaq', 'ttwiddellaq', 'Tori', 'Twiddell', '2018-01-03 02:40:31', 'offline'),
(390, 'fchalkear', 'fchalkear', 'Filide', 'Chalke', '2018-01-03 02:40:31', 'offline'),
(391, 'nmorlingas', 'nmorlingas', 'Nina', 'Morling', '2018-01-03 02:40:31', 'offline'),
(392, 'ssnipeat', 'ssnipeat', 'Saul', 'Snipe', '2018-01-03 02:40:31', 'offline'),
(393, 'smowsonau', 'smowsonau', 'Sephira', 'Mowson', '2018-01-03 02:40:31', 'offline'),
(394, 'wswepsonav', 'wswepsonav', 'Wolf', 'Swepson', '2018-01-03 02:40:31', 'offline'),
(395, 'aandrejsaw', 'aandrejsaw', 'Aguste', 'Andrejs', '2018-01-03 02:40:31', 'offline'),
(396, 'bgresswellax', 'bgresswellax', 'Bonita', 'Gresswell', '2018-01-03 02:40:31', 'offline'),
(397, 'rskillittay', 'rskillittay', 'Rycca', 'Skillitt', '2018-01-03 02:40:31', 'offline'),
(398, 'ncolombaz', 'ncolombaz', 'Nerti', 'Colomb', '2018-01-03 02:40:31', 'offline'),
(399, 'jfeachamb0', 'jfeachamb0', 'Joye', 'Feacham', '2018-01-03 02:40:31', 'offline'),
(400, 'jdalgetyb1', 'jdalgetyb1', 'Jenine', 'Dalgety', '2018-01-03 02:40:31', 'offline'),
(401, 'ckillingworthb2', 'ckillingworthb2', 'Caz', 'Killingworth', '2018-01-03 02:40:31', 'offline'),
(402, 'opotterilb3', 'opotterilb3', 'Octavia', 'Potteril', '2018-01-03 02:40:31', 'offline'),
(403, 'rzecchinib4', 'rzecchinib4', 'Ronny', 'Zecchini', '2018-01-03 02:40:31', 'offline'),
(404, 'gcollcottb5', 'gcollcottb5', 'Garfield', 'Collcott', '2018-01-03 02:40:31', 'offline'),
(405, 'ldogb6', 'ldogb6', 'Leonid', 'Dog', '2018-01-03 02:40:31', 'offline'),
(406, 'froberdsb7', 'froberdsb7', 'Field', 'Roberds', '2018-01-03 02:40:31', 'offline'),
(407, 'tsixsmithb8', 'tsixsmithb8', 'Tulley', 'Sixsmith', '2018-01-03 02:40:32', 'offline'),
(408, 'rpehrssonb9', 'rpehrssonb9', 'Reidar', 'Pehrsson', '2018-01-03 02:40:32', 'offline'),
(409, 'sbeldamba', 'sbeldamba', 'Staford', 'Beldam', '2018-01-03 02:40:32', 'offline'),
(410, 'ckondratenkobb', 'ckondratenkobb', 'Cheryl', 'Kondratenko', '2018-01-03 02:40:32', 'offline'),
(411, 'dpachecobc', 'dpachecobc', 'Dionis', 'Pacheco', '2018-01-03 02:40:32', 'offline'),
(412, 'elewingtonbd', 'elewingtonbd', 'Emlyn', 'Lewington', '2018-01-03 02:40:32', 'offline'),
(413, 'rlamasnabe', 'rlamasnabe', 'Rosalyn', 'Lamasna', '2018-01-03 02:40:32', 'offline'),
(414, 'shallambf', 'shallambf', 'Sheila-kathryn', 'Hallam', '2018-01-03 02:40:32', 'offline'),
(415, 'kgothliffbg', 'kgothliffbg', 'Kalle', 'Gothliff', '2018-01-03 02:40:32', 'offline'),
(416, 'zmansourbh', 'zmansourbh', 'Zorine', 'Mansour', '2018-01-03 02:40:32', 'offline'),
(417, 'amurfordbi', 'amurfordbi', 'Adriana', 'Murford', '2018-01-03 02:40:32', 'offline'),
(418, 'thawkeridgebj', 'thawkeridgebj', 'Ty', 'Hawkeridge', '2018-01-03 02:40:32', 'offline'),
(419, 'lfreebornbk', 'lfreebornbk', 'Lucho', 'Freeborn', '2018-01-03 02:40:32', 'offline'),
(420, 'tschimpkebl', 'tschimpkebl', 'Tarrance', 'Schimpke', '2018-01-03 02:40:32', 'offline'),
(421, 'csapsfordbm', 'csapsfordbm', 'Carmela', 'Sapsford', '2018-01-03 02:40:32', 'offline'),
(422, 'screedlandbn', 'screedlandbn', 'Sonja', 'Creedland', '2018-01-03 02:40:32', 'offline'),
(423, 'pbrometbo', 'pbrometbo', 'Park', 'Bromet', '2018-01-03 02:40:32', 'offline'),
(424, 'ctruscottbp', 'ctruscottbp', 'Cornall', 'Truscott', '2018-01-03 02:40:32', 'offline'),
(425, 'rbutertonbq', 'rbutertonbq', 'Rahal', 'Buterton', '2018-01-03 02:40:32', 'offline'),
(426, 'bhusonbr', 'bhusonbr', 'Burt', 'Huson', '2018-01-03 02:40:32', 'offline'),
(427, 'cmacterrellybs', 'cmacterrellybs', 'Cordelie', 'MacTerrelly', '2018-01-03 02:40:32', 'offline'),
(428, 'jfloodbt', 'jfloodbt', 'Joceline', 'Flood', '2018-01-03 02:40:32', 'offline'),
(429, 'kstepneybu', 'kstepneybu', 'Konstanze', 'Stepney', '2018-01-03 02:40:32', 'offline'),
(430, 'eyitzhakbv', 'eyitzhakbv', 'Edgardo', 'Yitzhak', '2018-01-03 02:40:32', 'offline'),
(431, 'dlambregtsbw', 'dlambregtsbw', 'Deloris', 'Lambregts', '2018-01-03 02:40:32', 'offline'),
(432, 'mkleinsingerbx', 'mkleinsingerbx', 'Mora', 'Kleinsinger', '2018-01-03 02:40:32', 'offline'),
(433, 'hbradyby', 'hbradyby', 'Heriberto', 'Brady', '2018-01-03 02:40:33', 'offline'),
(434, 'syanukhinbz', 'syanukhinbz', 'Sibley', 'Yanukhin', '2018-01-03 02:40:33', 'offline'),
(435, 'kmckennanc0', 'kmckennanc0', 'Kalindi', 'McKennan', '2018-01-03 02:40:33', 'offline'),
(436, 'elaydonc1', 'elaydonc1', 'Ernestus', 'Laydon', '2018-01-03 02:40:33', 'offline'),
(437, 'omarcqc2', 'omarcqc2', 'Oswald', 'Marcq', '2018-01-03 02:40:33', 'offline'),
(438, 'gnordassc3', 'gnordassc3', 'Georgie', 'Nordass', '2018-01-03 02:40:33', 'offline'),
(439, 'ejeunec4', 'ejeunec4', 'Eadie', 'Jeune', '2018-01-03 02:40:33', 'offline'),
(440, 'ecubleyc5', 'ecubleyc5', 'Erinna', 'Cubley', '2018-01-03 02:40:33', 'offline'),
(441, 'stassakerc6', 'stassakerc6', 'Shaun', 'Tassaker', '2018-01-03 02:40:33', 'offline'),
(442, 'apaurc7', 'apaurc7', 'Anjanette', 'Paur', '2018-01-03 02:40:33', 'offline'),
(443, 'ldequesnec8', 'ldequesnec8', 'Lucia', 'de Quesne', '2018-01-03 02:40:33', 'offline'),
(444, 'afranssenc9', 'afranssenc9', 'Alverta', 'Franssen', '2018-01-03 02:40:33', 'offline'),
(445, 'bcurdellca', 'bcurdellca', 'Bonnee', 'Curdell', '2018-01-03 02:40:33', 'offline'),
(446, 'kstormouthcb', 'kstormouthcb', 'Katrine', 'Stormouth', '2018-01-03 02:40:33', 'offline'),
(447, 'felloitcc', 'felloitcc', 'Faunie', 'Elloit', '2018-01-03 02:40:33', 'offline'),
(448, 'beddencd', 'beddencd', 'Becki', 'Edden', '2018-01-03 02:40:33', 'offline'),
(449, 'erannellsce', 'erannellsce', 'Emmett', 'Rannells', '2018-01-03 02:40:33', 'offline'),
(450, 'fcarnewcf', 'fcarnewcf', 'Ferguson', 'Carnew', '2018-01-03 02:40:33', 'offline'),
(451, 'dbertcg', 'dbertcg', 'Doe', 'Bert', '2018-01-03 02:40:33', 'offline'),
(452, 'sserrellch', 'sserrellch', 'Simmonds', 'Serrell', '2018-01-03 02:40:33', 'offline'),
(453, 'chargrovesci', 'chargrovesci', 'Carleen', 'Hargroves', '2018-01-03 02:40:33', 'offline'),
(454, 'fmeindlcj', 'fmeindlcj', 'Fonsie', 'Meindl', '2018-01-03 02:40:33', 'offline'),
(455, 'bgeffcockck', 'bgeffcockck', 'Blinny', 'Geffcock', '2018-01-03 02:40:33', 'offline'),
(456, 'idankocl', 'idankocl', 'Ibbie', 'Danko', '2018-01-03 02:40:33', 'offline'),
(457, 'tmackerleycm', 'tmackerleycm', 'Tamera', 'MacKerley', '2018-01-03 02:40:33', 'offline'),
(458, 'hthickpennycn', 'hthickpennycn', 'Hillyer', 'Thickpenny', '2018-01-03 02:40:33', 'offline'),
(459, 'gocurranco', 'gocurranco', 'Giulia', 'O''Curran', '2018-01-03 02:40:33', 'offline'),
(460, 'cblockeycp', 'cblockeycp', 'Carlo', 'Blockey', '2018-01-03 02:40:34', 'offline'),
(461, 'mmorduecq', 'mmorduecq', 'Maxim', 'Mordue', '2018-01-03 02:40:34', 'offline'),
(462, 'emacmenamiecr', 'emacmenamiecr', 'Erin', 'MacMenamie', '2018-01-03 02:40:34', 'offline'),
(463, 'jpatridgecs', 'jpatridgecs', 'Jarib', 'Patridge', '2018-01-03 02:40:34', 'offline'),
(464, 'bblunect', 'bblunect', 'Briant', 'Blune', '2018-01-03 02:40:34', 'offline'),
(465, 'ugamlyncu', 'ugamlyncu', 'Udell', 'Gamlyn', '2018-01-03 02:40:34', 'offline'),
(466, 'cwestmarlandcv', 'cwestmarlandcv', 'Clay', 'Westmarland', '2018-01-03 02:40:34', 'offline'),
(467, 'astickfordcw', 'astickfordcw', 'Agneta', 'Stickford', '2018-01-03 02:40:34', 'offline'),
(468, 'epomphreycx', 'epomphreycx', 'Emili', 'Pomphrey', '2018-01-03 02:40:34', 'offline'),
(469, 'spettisallcy', 'spettisallcy', 'Shelby', 'Pettisall', '2018-01-03 02:40:34', 'offline'),
(470, 'tdreiercz', 'tdreiercz', 'Teddy', 'Dreier', '2018-01-03 02:40:34', 'offline'),
(471, 'ddawbyd0', 'ddawbyd0', 'Dredi', 'Dawby', '2018-01-03 02:40:34', 'offline'),
(472, 'lgladdord1', 'lgladdord1', 'Lynn', 'Gladdor', '2018-01-03 02:40:34', 'offline'),
(473, 'jmialld2', 'jmialld2', 'Janina', 'Miall', '2018-01-03 02:40:34', 'offline'),
(474, 'cskeelesd3', 'cskeelesd3', 'Caitrin', 'Skeeles', '2018-01-03 02:40:34', 'offline'),
(475, 'jplasterd4', 'jplasterd4', 'Jaime', 'Plaster', '2018-01-03 02:40:34', 'offline'),
(476, 'jshakesbyed5', 'jshakesbyed5', 'Jolee', 'Shakesbye', '2018-01-03 02:40:34', 'offline'),
(477, 'rmurkusd6', 'rmurkusd6', 'Reynold', 'Murkus', '2018-01-03 02:40:34', 'offline'),
(478, 'gdelacoted7', 'gdelacoted7', 'Grange', 'Delacote', '2018-01-03 02:40:34', 'offline'),
(479, 'mmartyntsevd8', 'mmartyntsevd8', 'Malva', 'Martyntsev', '2018-01-03 02:40:34', 'offline'),
(480, 'glindforsd9', 'glindforsd9', 'Giuditta', 'Lindfors', '2018-01-03 02:40:34', 'offline'),
(481, 'skobelda', 'skobelda', 'Sherri', 'Kobel', '2018-01-03 02:40:34', 'offline'),
(482, 'tchancelierdb', 'tchancelierdb', 'Tamera', 'Chancelier', '2018-01-03 02:40:34', 'offline'),
(483, 'kwottondc', 'kwottondc', 'Kariotta', 'Wotton', '2018-01-03 02:40:34', 'offline'),
(484, 'mcursonsdd', 'mcursonsdd', 'Magdalena', 'Cursons', '2018-01-03 02:40:35', 'offline'),
(485, 'ejohanssonde', 'ejohanssonde', 'Elroy', 'Johansson', '2018-01-03 02:40:35', 'offline'),
(486, 'ltennetdf', 'ltennetdf', 'Lesley', 'Tennet', '2018-01-03 02:40:35', 'offline'),
(487, 'scustancedg', 'scustancedg', 'Sheelah', 'Custance', '2018-01-03 02:40:35', 'offline'),
(488, 'tdonovandh', 'tdonovandh', 'Taber', 'Donovan', '2018-01-03 02:40:35', 'offline'),
(489, 'rhellikesdi', 'rhellikesdi', 'Reeba', 'Hellikes', '2018-01-03 02:40:35', 'offline'),
(490, 'lmarquissdj', 'lmarquissdj', 'Lloyd', 'Marquiss', '2018-01-03 02:40:35', 'offline'),
(491, 'rdavanadk', 'rdavanadk', 'Ricky', 'Davana', '2018-01-03 02:40:35', 'offline'),
(492, 'bstoacleydl', 'bstoacleydl', 'Bruno', 'Stoacley', '2018-01-03 02:40:35', 'offline'),
(493, 'jewingsdm', 'jewingsdm', 'Jeanie', 'Ewings', '2018-01-03 02:40:35', 'offline'),
(494, 'mmacknightdn', 'mmacknightdn', 'Moina', 'MacKnight', '2018-01-03 02:40:35', 'offline'),
(495, 'dedgarsdo', 'dedgarsdo', 'Dorise', 'Edgars', '2018-01-03 02:40:35', 'offline'),
(496, 'jdickendp', 'jdickendp', 'Juliana', 'Dicken', '2018-01-03 02:40:35', 'offline'),
(497, 'cgeraultdq', 'cgeraultdq', 'Charil', 'Gerault', '2018-01-03 02:40:35', 'offline'),
(498, 'gchampdr', 'gchampdr', 'Gregg', 'Champ', '2018-01-03 02:40:35', 'offline'),
(499, 'ndmitrievds', 'ndmitrievds', 'Neel', 'Dmitriev', '2018-01-03 02:40:35', 'offline'),
(500, 'eewensdt', 'eewensdt', 'Ernest', 'Ewens', '2018-01-03 02:40:35', 'offline'),
(501, 'rpretiousdu', 'rpretiousdu', 'Ree', 'Pretious', '2018-01-03 02:40:35', 'offline'),
(502, 'vsandsdv', 'vsandsdv', 'Violet', 'Sands', '2018-01-03 02:40:35', 'offline'),
(503, 'akarpovdw', 'akarpovdw', 'Addi', 'Karpov', '2018-01-03 02:40:36', 'offline'),
(504, 'pbarrabealedx', 'pbarrabealedx', 'Panchito', 'Barrabeale', '2018-01-03 02:40:36', 'offline'),
(505, 'dszachdy', 'dszachdy', 'Don', 'Szach', '2018-01-03 02:40:36', 'offline'),
(506, 'wduhamdz', 'wduhamdz', 'Warde', 'Duham', '2018-01-03 02:40:36', 'offline'),
(507, 'hmachente0', 'hmachente0', 'Hagen', 'Machent', '2018-01-03 02:40:36', 'offline'),
(508, 'lwaughe1', 'lwaughe1', 'Lanny', 'Waugh', '2018-01-03 02:40:36', 'offline'),
(509, 'dmcgruddere2', 'dmcgruddere2', 'Debra', 'McGrudder', '2018-01-03 02:40:36', 'offline'),
(510, 'lgurge3', 'lgurge3', 'Luisa', 'Gurg', '2018-01-03 02:40:36', 'offline'),
(511, 'mcokere4', 'mcokere4', 'Matti', 'Coker', '2018-01-03 02:40:36', 'offline'),
(512, 'kdaunceye5', 'kdaunceye5', 'Kin', 'Dauncey', '2018-01-03 02:40:36', 'offline'),
(513, 'sedwardsone6', 'sedwardsone6', 'Sherwynd', 'Edwardson', '2018-01-03 02:40:36', 'offline'),
(514, 'wblinckhornee7', 'wblinckhornee7', 'Weider', 'Blinckhorne', '2018-01-03 02:40:36', 'offline'),
(515, 'gmicklewicze8', 'gmicklewicze8', 'Gipsy', 'Micklewicz', '2018-01-03 02:40:36', 'offline'),
(516, 'mmeleske9', 'mmeleske9', 'Marlee', 'Melesk', '2018-01-03 02:40:36', 'offline'),
(517, 'tsprullea', 'tsprullea', 'Teodor', 'Sprull', '2018-01-03 02:40:36', 'offline'),
(518, 'eshatfordeb', 'eshatfordeb', 'Erica', 'Shatford', '2018-01-03 02:40:36', 'offline'),
(519, 'lsparkec', 'lsparkec', 'Leah', 'Spark', '2018-01-03 02:40:36', 'offline'),
(520, 'rpeagrimed', 'rpeagrimed', 'Redd', 'Peagrim', '2018-01-03 02:40:36', 'offline'),
(521, 'redeleree', 'redeleree', 'Renard', 'Edeler', '2018-01-03 02:40:36', 'offline'),
(522, 'kloosef', 'kloosef', 'Klara', 'Loos', '2018-01-03 02:40:36', 'offline'),
(523, 'skalkhoveneg', 'skalkhoveneg', 'Sandra', 'Kalkhoven', '2018-01-03 02:40:36', 'offline'),
(524, 'fmertineh', 'fmertineh', 'Faun', 'Mertin', '2018-01-03 02:40:36', 'offline'),
(525, 'aginmanei', 'aginmanei', 'Abagail', 'Ginman', '2018-01-03 02:40:36', 'offline'),
(526, 'kranscomeej', 'kranscomeej', 'Kessiah', 'Ranscome', '2018-01-03 02:40:36', 'offline'),
(527, 'bkellickek', 'bkellickek', 'Brigida', 'Kellick', '2018-01-03 02:40:36', 'offline'),
(528, 'crennisonel', 'crennisonel', 'Cathi', 'Rennison', '2018-01-03 02:40:37', 'offline'),
(529, 'tgrievsonem', 'tgrievsonem', 'Thadeus', 'Grievson', '2018-01-03 02:40:37', 'offline'),
(530, 'blaythamen', 'blaythamen', 'Blair', 'Laytham', '2018-01-03 02:40:37', 'offline'),
(531, 'msummersbyeo', 'msummersbyeo', 'Mariel', 'Summersby', '2018-01-03 02:40:37', 'offline'),
(532, 'bmckinnonep', 'bmckinnonep', 'Berkly', 'McKinnon', '2018-01-03 02:40:37', 'offline'),
(533, 'sfelteneq', 'sfelteneq', 'Selena', 'Felten', '2018-01-03 02:40:37', 'offline'),
(534, 'fleupoldter', 'fleupoldter', 'Farica', 'Leupoldt', '2018-01-03 02:40:37', 'offline'),
(535, 'gnannetties', 'gnannetties', 'Gaylord', 'Nannetti', '2018-01-03 02:40:37', 'offline'),
(536, 'mhulstromet', 'mhulstromet', 'Merna', 'Hulstrom', '2018-01-03 02:40:37', 'offline'),
(537, 'nwapleeu', 'nwapleeu', 'Norton', 'Waple', '2018-01-03 02:40:37', 'offline'),
(538, 'kbenediteev', 'kbenediteev', 'Keen', 'Benedite', '2018-01-03 02:40:37', 'offline'),
(539, 'mkoppeckew', 'mkoppeckew', 'Mercedes', 'Koppeck', '2018-01-03 02:40:37', 'offline'),
(540, 'jwortex', 'jwortex', 'Jaymie', 'Wort', '2018-01-03 02:40:37', 'offline'),
(541, 'eheffroney', 'eheffroney', 'Emmit', 'Heffron', '2018-01-03 02:40:37', 'offline'),
(542, 'elongdenez', 'elongdenez', 'Eden', 'Longden', '2018-01-03 02:40:37', 'offline'),
(543, 'elightbodyf0', 'elightbodyf0', 'Edithe', 'Lightbody', '2018-01-03 02:40:37', 'offline'),
(544, 'apeelf1', 'apeelf1', 'Agace', 'Peel', '2018-01-03 02:40:37', 'offline'),
(545, 'lolagenf2', 'lolagenf2', 'Lainey', 'O''Lagen', '2018-01-03 02:40:37', 'offline'),
(546, 'crameauxf3', 'crameauxf3', 'Cleon', 'Rameaux', '2018-01-03 02:40:37', 'offline'),
(547, 'emacguffief4', 'emacguffief4', 'Eustacia', 'MacGuffie', '2018-01-03 02:40:37', 'offline'),
(548, 'mnickollsf5', 'mnickollsf5', 'Mychal', 'Nickolls', '2018-01-03 02:40:37', 'offline'),
(549, 'fhouchenf6', 'fhouchenf6', 'Faye', 'Houchen', '2018-01-03 02:40:38', 'offline'),
(550, 'cskaifedingerthorpef7', 'cskaifedingerthorpef7', 'Clary', 'Skaife d''Ingerthorpe', '2018-01-03 02:40:38', 'offline'),
(551, 'afeareyf8', 'afeareyf8', 'Annadiane', 'Fearey', '2018-01-03 02:40:38', 'offline'),
(552, 'jesterbrookf9', 'jesterbrookf9', 'Jenine', 'Esterbrook', '2018-01-03 02:40:38', 'offline'),
(553, 'jmackainfa', 'jmackainfa', 'Janenna', 'MacKain', '2018-01-03 02:40:38', 'offline'),
(554, 'mdillingstonfb', 'mdillingstonfb', 'Madalena', 'Dillingston', '2018-01-03 02:40:38', 'offline'),
(555, 'hlawreyfc', 'hlawreyfc', 'Hoyt', 'Lawrey', '2018-01-03 02:40:38', 'offline'),
(556, 'mdebruinfd', 'mdebruinfd', 'Mirilla', 'De Bruin', '2018-01-03 02:40:38', 'offline'),
(557, 'bhartfieldfe', 'bhartfieldfe', 'Blair', 'Hartfield', '2018-01-03 02:40:38', 'offline'),
(558, 'kjaulmesff', 'kjaulmesff', 'Kitty', 'Jaulmes', '2018-01-03 02:40:38', 'offline'),
(559, 'saldersfg', 'saldersfg', 'Simon', 'Alders', '2018-01-03 02:40:38', 'offline'),
(560, 'nseekingsfh', 'nseekingsfh', 'Neille', 'Seekings', '2018-01-03 02:40:38', 'offline'),
(561, 'aewbankefi', 'aewbankefi', 'Arlin', 'Ewbanke', '2018-01-03 02:40:38', 'offline'),
(562, 'biddonfj', 'biddonfj', 'Bridgette', 'Iddon', '2018-01-03 02:40:38', 'offline'),
(563, 'smartyfk', 'smartyfk', 'Sanders', 'Marty', '2018-01-03 02:40:38', 'offline'),
(564, 'mfendfl', 'mfendfl', 'Maynard', 'Fend', '2018-01-03 02:40:38', 'offline'),
(565, 'rlingwoodfm', 'rlingwoodfm', 'Robena', 'Lingwood', '2018-01-03 02:40:38', 'offline'),
(566, 'eantonijevicfn', 'eantonijevicfn', 'Elroy', 'Antonijevic', '2018-01-03 02:40:38', 'offline'),
(567, 'xyallowleyfo', 'xyallowleyfo', 'Xylina', 'Yallowley', '2018-01-03 02:40:38', 'offline'),
(568, 'mbellefontefp', 'mbellefontefp', 'Marchelle', 'Bellefonte', '2018-01-03 02:40:38', 'offline');
INSERT INTO `users` (`user_id`, `username`, `password`, `first_name`, `last_name`, `created_on`, `status`) VALUES
(569, 'gkonzelfq', 'gkonzelfq', 'Greg', 'Konzel', '2018-01-03 02:40:38', 'offline'),
(570, 'jlabeuilfr', 'jlabeuilfr', 'Jedd', 'Labeuil', '2018-01-03 02:40:38', 'offline'),
(571, 'rbanksfs', 'rbanksfs', 'Rachael', 'Banks', '2018-01-03 02:40:38', 'offline'),
(572, 'amceloryft', 'amceloryft', 'Auberta', 'McElory', '2018-01-03 02:40:38', 'offline'),
(573, 'bpensomfu', 'bpensomfu', 'Buck', 'Pensom', '2018-01-03 02:40:39', 'offline'),
(574, 'sprestigefv', 'sprestigefv', 'Sianna', 'Prestige', '2018-01-03 02:40:39', 'offline'),
(575, 'mstoodleyfw', 'mstoodleyfw', 'Melina', 'Stoodley', '2018-01-03 02:40:39', 'offline'),
(576, 'apeckittfx', 'apeckittfx', 'Arluene', 'Peckitt', '2018-01-03 02:40:39', 'offline'),
(577, 'edumphreyfy', 'edumphreyfy', 'Eal', 'Dumphrey', '2018-01-03 02:40:39', 'offline'),
(578, 'wantonatfz', 'wantonatfz', 'Webb', 'Antonat', '2018-01-03 02:40:39', 'offline'),
(579, 'mpinyong0', 'mpinyong0', 'Myrtice', 'Pinyon', '2018-01-03 02:40:39', 'offline'),
(580, 'mlockyerg1', 'mlockyerg1', 'Murial', 'Lockyer', '2018-01-03 02:40:39', 'offline'),
(581, 'amcmurrughg2', 'amcmurrughg2', 'Ara', 'McMurrugh', '2018-01-03 02:40:39', 'offline'),
(582, 'kmanoellig3', 'kmanoellig3', 'Kendricks', 'Manoelli', '2018-01-03 02:40:39', 'offline'),
(583, 'bkoppsg4', 'bkoppsg4', 'Broddie', 'Kopps', '2018-01-03 02:40:39', 'offline'),
(584, 'melvyg5', 'melvyg5', 'Marney', 'Elvy', '2018-01-03 02:40:39', 'offline'),
(585, 'mmourbeyg6', 'mmourbeyg6', 'Madeleine', 'Mourbey', '2018-01-03 02:40:39', 'offline'),
(586, 'odummerg7', 'odummerg7', 'Oren', 'Dummer', '2018-01-03 02:40:39', 'offline'),
(587, 'scluelowg8', 'scluelowg8', 'Skipp', 'Cluelow', '2018-01-03 02:40:39', 'offline'),
(588, 'kpagettg9', 'kpagettg9', 'Kimble', 'Pagett', '2018-01-03 02:40:39', 'offline'),
(589, 'jscholfieldga', 'jscholfieldga', 'Janine', 'Scholfield', '2018-01-03 02:40:39', 'offline'),
(590, 'etrippittgb', 'etrippittgb', 'Edsel', 'Trippitt', '2018-01-03 02:40:39', 'offline'),
(591, 'iriddioughgc', 'iriddioughgc', 'Iosep', 'Riddiough', '2018-01-03 02:40:39', 'offline'),
(592, 'awaddamsgd', 'awaddamsgd', 'Aeriell', 'Waddams', '2018-01-03 02:40:39', 'offline'),
(593, 'clittefairge', 'clittefairge', 'Cyrille', 'Littefair', '2018-01-03 02:40:39', 'offline'),
(594, 'jcarlozzigf', 'jcarlozzigf', 'Josh', 'Carlozzi', '2018-01-03 02:40:40', 'offline'),
(595, 'amccawgg', 'amccawgg', 'Amabel', 'McCaw', '2018-01-03 02:40:40', 'offline'),
(596, 'gbonettgh', 'gbonettgh', 'Gladi', 'Bonett', '2018-01-03 02:40:40', 'offline'),
(597, 'mbachelargi', 'mbachelargi', 'Malvina', 'Bachelar', '2018-01-03 02:40:40', 'offline'),
(598, 'djanauschekgj', 'djanauschekgj', 'Dasie', 'Janauschek', '2018-01-03 02:40:40', 'offline'),
(599, 'dormistongk', 'dormistongk', 'Dudley', 'Ormiston', '2018-01-03 02:40:40', 'offline'),
(600, 'sdulygl', 'sdulygl', 'Sibylla', 'Duly', '2018-01-03 02:40:40', 'offline'),
(601, 'bkinkadegm', 'bkinkadegm', 'Brigitta', 'Kinkade', '2018-01-03 02:40:40', 'offline'),
(602, 'mlethbriggn', 'mlethbriggn', 'Meryl', 'Lethbrig', '2018-01-03 02:40:40', 'offline'),
(603, 'mgerramgo', 'mgerramgo', 'Mavra', 'Gerram', '2018-01-03 02:40:40', 'offline'),
(604, 'rgowargp', 'rgowargp', 'Ruperto', 'Gowar', '2018-01-03 02:40:40', 'offline'),
(605, 'rsurgengq', 'rsurgengq', 'Rufus', 'Surgen', '2018-01-03 02:40:40', 'offline'),
(606, 'alevicountgr', 'alevicountgr', 'Ashleigh', 'Levicount', '2018-01-03 02:40:40', 'offline'),
(607, 'dnevillgs', 'dnevillgs', 'Damon', 'Nevill', '2018-01-03 02:40:40', 'offline'),
(608, 'lfarreargt', 'lfarreargt', 'Laughton', 'Farrear', '2018-01-03 02:40:40', 'offline'),
(609, 'jjeannessongu', 'jjeannessongu', 'Jobie', 'Jeannesson', '2018-01-03 02:40:40', 'offline'),
(610, 'shickgv', 'shickgv', 'Shannah', 'Hick', '2018-01-03 02:40:40', 'offline'),
(611, 'sjosuweitgw', 'sjosuweitgw', 'Sadye', 'Josuweit', '2018-01-03 02:40:40', 'offline'),
(612, 'kholburngx', 'kholburngx', 'Kettie', 'Holburn', '2018-01-03 02:40:40', 'offline'),
(613, 'ebickfordgy', 'ebickfordgy', 'Ethyl', 'Bickford', '2018-01-03 02:40:40', 'offline'),
(614, 'rdeverallgz', 'rdeverallgz', 'Roldan', 'Deverall', '2018-01-03 02:40:40', 'offline'),
(615, 'sjanusikh0', 'sjanusikh0', 'Saree', 'Janusik', '2018-01-03 02:40:41', 'offline'),
(616, 'jchillistoneh1', 'jchillistoneh1', 'Junina', 'Chillistone', '2018-01-03 02:40:41', 'offline'),
(617, 'vdomenyh2', 'vdomenyh2', 'Vincents', 'Domeny', '2018-01-03 02:40:41', 'offline'),
(618, 'lheyworthh3', 'lheyworthh3', 'Leann', 'Heyworth', '2018-01-03 02:40:41', 'offline'),
(619, 'rpinerh4', 'rpinerh4', 'Rickie', 'Piner', '2018-01-03 02:40:41', 'offline'),
(620, 'cwanklingh5', 'cwanklingh5', 'Cathi', 'Wankling', '2018-01-03 02:40:41', 'offline'),
(621, 'wannettsh6', 'wannettsh6', 'Wilmette', 'Annetts', '2018-01-03 02:40:41', 'offline'),
(622, 'eglandh7', 'eglandh7', 'Emmet', 'Gland', '2018-01-03 02:40:41', 'offline'),
(623, 'aandreopolosh8', 'aandreopolosh8', 'Analiese', 'Andreopolos', '2018-01-03 02:40:41', 'offline'),
(624, 'smessamh9', 'smessamh9', 'Sarina', 'Messam', '2018-01-03 02:40:41', 'offline'),
(625, 'gcawkerha', 'gcawkerha', 'Glenna', 'Cawker', '2018-01-03 02:40:41', 'offline'),
(626, 'mlarrowayhb', 'mlarrowayhb', 'Melamie', 'Larroway', '2018-01-03 02:40:41', 'offline'),
(627, 'edoutchhc', 'edoutchhc', 'Elwira', 'Doutch', '2018-01-03 02:40:41', 'offline'),
(628, 'hkordovahd', 'hkordovahd', 'Heywood', 'Kordova', '2018-01-03 02:40:41', 'offline'),
(629, 'dmcbreartyhe', 'dmcbreartyhe', 'Davon', 'McBrearty', '2018-01-03 02:40:41', 'offline'),
(630, 'owulfingerhf', 'owulfingerhf', 'Ossie', 'Wulfinger', '2018-01-03 02:40:41', 'offline'),
(631, 'rdavidyhg', 'rdavidyhg', 'Randee', 'Davidy', '2018-01-03 02:40:41', 'offline'),
(632, 'rbritthh', 'rbritthh', 'Roxanne', 'Britt', '2018-01-03 02:40:41', 'offline'),
(633, 'lmatleyhi', 'lmatleyhi', 'Linell', 'Matley', '2018-01-03 02:40:41', 'offline'),
(634, 'sprantonihj', 'sprantonihj', 'Sephira', 'Prantoni', '2018-01-03 02:40:41', 'offline'),
(635, 'nvarnehk', 'nvarnehk', 'Nicolais', 'Varne', '2018-01-03 02:40:41', 'offline'),
(636, 'abankehl', 'abankehl', 'Adey', 'Banke', '2018-01-03 02:40:41', 'offline'),
(637, 'rmoylehm', 'rmoylehm', 'Reese', 'Moyle', '2018-01-03 02:40:41', 'offline'),
(638, 'dduffillhn', 'dduffillhn', 'Doloritas', 'Duffill', '2018-01-03 02:40:41', 'offline'),
(639, 'gkubackiho', 'gkubackiho', 'Godiva', 'Kubacki', '2018-01-03 02:40:42', 'offline'),
(640, 'bbroselhp', 'bbroselhp', 'Bernadina', 'Brosel', '2018-01-03 02:40:42', 'offline'),
(641, 'ssevitthq', 'ssevitthq', 'Swen', 'Sevitt', '2018-01-03 02:40:42', 'offline'),
(642, 'jcristofolhr', 'jcristofolhr', 'Jen', 'Cristofol', '2018-01-03 02:40:42', 'offline'),
(643, 'alaviellehs', 'alaviellehs', 'Amerigo', 'Lavielle', '2018-01-03 02:40:42', 'offline'),
(644, 'hmartinezht', 'hmartinezht', 'Horst', 'Martinez', '2018-01-03 02:40:42', 'offline'),
(645, 'jdiioriohu', 'jdiioriohu', 'Jackie', 'Di Iorio', '2018-01-03 02:40:42', 'offline'),
(646, 'mitzighv', 'mitzighv', 'Marvin', 'Itzig', '2018-01-03 02:40:42', 'offline'),
(647, 'tmccloidhw', 'tmccloidhw', 'Tamma', 'McCloid', '2018-01-03 02:40:42', 'offline'),
(648, 'tleathemhx', 'tleathemhx', 'Terrence', 'Leathem', '2018-01-03 02:40:42', 'offline'),
(649, 'mjerzycowskihy', 'mjerzycowskihy', 'Man', 'Jerzycowski', '2018-01-03 02:40:42', 'offline'),
(650, 'dnuttinghz', 'dnuttinghz', 'Darelle', 'Nutting', '2018-01-03 02:40:42', 'offline'),
(651, 'oboydai0', 'oboydai0', 'Orv', 'Boyda', '2018-01-03 02:40:42', 'offline'),
(652, 'estourtoni1', 'estourtoni1', 'Else', 'Stourton', '2018-01-03 02:40:42', 'offline'),
(653, 'dbladei2', 'dbladei2', 'Deck', 'Blade', '2018-01-03 02:40:42', 'offline'),
(654, 'jgoffei3', 'jgoffei3', 'Judah', 'Goffe', '2018-01-03 02:40:42', 'offline'),
(655, 'wwarlawi4', 'wwarlawi4', 'Whit', 'Warlaw', '2018-01-03 02:40:42', 'offline'),
(656, 'plehreri5', 'plehreri5', 'Phillida', 'Lehrer', '2018-01-03 02:40:42', 'offline'),
(657, 'bjanewi6', 'bjanewi6', 'Biron', 'Janew', '2018-01-03 02:40:42', 'offline'),
(658, 'ppennycordi7', 'ppennycordi7', 'Putnem', 'Pennycord', '2018-01-03 02:40:42', 'offline'),
(659, 'ocapeneri8', 'ocapeneri8', 'Olimpia', 'Capener', '2018-01-03 02:40:42', 'offline'),
(660, 'jciepluchi9', 'jciepluchi9', 'Jo-ann', 'Ciepluch', '2018-01-03 02:40:42', 'offline'),
(661, 'fpinwillia', 'fpinwillia', 'Ferdy', 'Pinwill', '2018-01-03 02:40:43', 'offline'),
(662, 'shansenib', 'shansenib', 'Stanislaw', 'Hansen', '2018-01-03 02:40:43', 'offline'),
(663, 'bstreetfieldic', 'bstreetfieldic', 'Blisse', 'Streetfield', '2018-01-03 02:40:43', 'offline'),
(664, 'glongid', 'glongid', 'Georgia', 'Long', '2018-01-03 02:40:43', 'offline'),
(665, 'rgreguolie', 'rgreguolie', 'Rosana', 'Greguol', '2018-01-03 02:40:43', 'offline'),
(666, 'jbrevittif', 'jbrevittif', 'Janith', 'Brevitt', '2018-01-03 02:40:43', 'offline'),
(667, 'glosbieig', 'glosbieig', 'Gordan', 'Losbie', '2018-01-03 02:40:43', 'offline'),
(668, 'rbaigentih', 'rbaigentih', 'Reynold', 'Baigent', '2018-01-03 02:40:43', 'offline'),
(669, 'fklemmtii', 'fklemmtii', 'Fran', 'Klemmt', '2018-01-03 02:40:43', 'offline'),
(670, 'gblonfieldij', 'gblonfieldij', 'Gardie', 'Blonfield', '2018-01-03 02:40:43', 'offline'),
(671, 'worgillik', 'worgillik', 'Wilhelm', 'Orgill', '2018-01-03 02:40:43', 'offline'),
(672, 'bcamelliil', 'bcamelliil', 'Bondon', 'Camelli', '2018-01-03 02:40:43', 'offline'),
(673, 'mtomanekim', 'mtomanekim', 'Margy', 'Tomanek', '2018-01-03 02:40:43', 'offline'),
(674, 'skonnekein', 'skonnekein', 'Sharron', 'Konneke', '2018-01-03 02:40:43', 'offline'),
(675, 'mbennedsenio', 'mbennedsenio', 'Mil', 'Bennedsen', '2018-01-03 02:40:43', 'offline'),
(676, 'egarleyip', 'egarleyip', 'Eleonore', 'Garley', '2018-01-03 02:40:43', 'offline'),
(677, 'mhassettiq', 'mhassettiq', 'Mela', 'Hassett', '2018-01-03 02:40:43', 'offline'),
(678, 'vnoldair', 'vnoldair', 'Vanna', 'Nolda', '2018-01-03 02:40:43', 'offline'),
(679, 'dlombardois', 'dlombardois', 'Dorolice', 'Lombardo', '2018-01-03 02:40:43', 'offline'),
(680, 'gjenceyit', 'gjenceyit', 'Georgena', 'Jencey', '2018-01-03 02:40:43', 'offline'),
(681, 'jarlidgeiu', 'jarlidgeiu', 'Jeremias', 'Arlidge', '2018-01-03 02:40:43', 'offline'),
(682, 'croubertiv', 'croubertiv', 'Clemente', 'Roubert', '2018-01-03 02:40:43', 'offline'),
(683, 'dlewishamiw', 'dlewishamiw', 'Dukey', 'Lewisham', '2018-01-03 02:40:44', 'offline'),
(684, 'btamasix', 'btamasix', 'Bram', 'Tamas', '2018-01-03 02:40:44', 'offline'),
(685, 'jspraggiy', 'jspraggiy', 'Joelie', 'Spragg', '2018-01-03 02:40:44', 'offline'),
(686, 'djewsoniz', 'djewsoniz', 'Duke', 'Jewson', '2018-01-03 02:40:44', 'offline'),
(687, 'dmccrainej0', 'dmccrainej0', 'Dunc', 'McCraine', '2018-01-03 02:40:44', 'offline'),
(688, 'apaffettj1', 'apaffettj1', 'Annabela', 'Paffett', '2018-01-03 02:40:44', 'offline'),
(689, 'bknowllerj2', 'bknowllerj2', 'Boothe', 'Knowller', '2018-01-03 02:40:44', 'offline'),
(690, 'gbrydellj3', 'gbrydellj3', 'Glynn', 'Brydell', '2018-01-03 02:40:44', 'offline'),
(691, 'shurfordj4', 'shurfordj4', 'Sherye', 'Hurford', '2018-01-03 02:40:44', 'offline'),
(692, 'fhallettj5', 'fhallettj5', 'Farr', 'Hallett', '2018-01-03 02:40:44', 'offline'),
(693, 'sgarrickj6', 'sgarrickj6', 'Sidnee', 'Garrick', '2018-01-03 02:40:44', 'offline'),
(694, 'sdunstallj7', 'sdunstallj7', 'Sherry', 'Dunstall', '2018-01-03 02:40:44', 'offline'),
(695, 'sdiggonsj8', 'sdiggonsj8', 'Sela', 'Diggons', '2018-01-03 02:40:44', 'offline'),
(696, 'ahanburybrownj9', 'ahanburybrownj9', 'Ashbey', 'Hanbury-Brown', '2018-01-03 02:40:44', 'offline'),
(697, 'gjenkenja', 'gjenkenja', 'Grace', 'Jenken', '2018-01-03 02:40:44', 'offline'),
(698, 'sdrowsfieldjb', 'sdrowsfieldjb', 'Sianna', 'Drowsfield', '2018-01-03 02:40:44', 'offline'),
(699, 'aneavejc', 'aneavejc', 'Axe', 'Neave', '2018-01-03 02:40:44', 'offline'),
(700, 'bbeckhousejd', 'bbeckhousejd', 'Barby', 'Beckhouse', '2018-01-03 02:40:44', 'offline'),
(701, 'cmatysikje', 'cmatysikje', 'Christye', 'Matysik', '2018-01-03 02:40:44', 'offline'),
(702, 'gkupkajf', 'gkupkajf', 'Grenville', 'Kupka', '2018-01-03 02:40:44', 'offline'),
(703, 'eschuckjg', 'eschuckjg', 'Elianore', 'Schuck', '2018-01-03 02:40:44', 'offline'),
(704, 'evaadelandjh', 'evaadelandjh', 'Eamon', 'Vaadeland', '2018-01-03 02:40:44', 'offline'),
(705, 'fsangeji', 'fsangeji', 'Felix', 'Sange', '2018-01-03 02:40:44', 'offline'),
(706, 'gkralejj', 'gkralejj', 'Gustaf', 'Krale', '2018-01-03 02:40:45', 'offline'),
(707, 'gwrigglesworthjk', 'gwrigglesworthjk', 'Gabie', 'Wrigglesworth', '2018-01-03 02:40:45', 'offline'),
(708, 'iallbonjl', 'iallbonjl', 'Isaak', 'Allbon', '2018-01-03 02:40:45', 'offline'),
(709, 'dyosevitzjm', 'dyosevitzjm', 'Donnamarie', 'Yosevitz', '2018-01-03 02:40:45', 'offline'),
(710, 'vhisemanjn', 'vhisemanjn', 'Valina', 'Hiseman', '2018-01-03 02:40:45', 'offline'),
(711, 'ugabitsjo', 'ugabitsjo', 'Ulla', 'Gabits', '2018-01-03 02:40:45', 'offline'),
(712, 'wguilletonjp', 'wguilletonjp', 'Wren', 'Guilleton', '2018-01-03 02:40:45', 'offline'),
(713, 'sswindonjq', 'sswindonjq', 'Stefano', 'Swindon', '2018-01-03 02:40:45', 'offline'),
(714, 'astoffersjr', 'astoffersjr', 'Ariel', 'Stoffers', '2018-01-03 02:40:45', 'offline'),
(715, 'jseidjs', 'jseidjs', 'Jarret', 'Seid', '2018-01-03 02:40:45', 'offline'),
(716, 'cheinzeljt', 'cheinzeljt', 'Crystie', 'Heinzel', '2018-01-03 02:40:45', 'offline'),
(717, 'hroomju', 'hroomju', 'Helyn', 'Room', '2018-01-03 02:40:45', 'offline'),
(718, 'dmazilliusjv', 'dmazilliusjv', 'Dela', 'Mazillius', '2018-01-03 02:40:45', 'offline'),
(719, 'cmcimmiejw', 'cmcimmiejw', 'Corie', 'Mcimmie', '2018-01-03 02:40:45', 'offline'),
(720, 'rgianettinijx', 'rgianettinijx', 'Ricard', 'Gianettini', '2018-01-03 02:40:45', 'offline'),
(721, 'pleclairejy', 'pleclairejy', 'Patricia', 'Le Claire', '2018-01-03 02:40:45', 'offline'),
(722, 'msmogurjz', 'msmogurjz', 'Meta', 'Smogur', '2018-01-03 02:40:45', 'offline'),
(723, 'rhoodspethk0', 'rhoodspethk0', 'Rhett', 'Hoodspeth', '2018-01-03 02:40:46', 'offline'),
(724, 'csimkink1', 'csimkink1', 'Corty', 'Simkin', '2018-01-03 02:40:46', 'offline'),
(725, 'pneamesk2', 'pneamesk2', 'Paulie', 'Neames', '2018-01-03 02:40:46', 'offline'),
(726, 'ctrebyk3', 'ctrebyk3', 'Clim', 'Treby', '2018-01-03 02:40:46', 'offline'),
(727, 'mdethloffk4', 'mdethloffk4', 'Morty', 'Dethloff', '2018-01-03 02:40:46', 'offline'),
(728, 'ggilchrestk5', 'ggilchrestk5', 'Gerty', 'Gilchrest', '2018-01-03 02:40:46', 'offline'),
(729, 'bmanharek6', 'bmanharek6', 'Barnabe', 'Manhare', '2018-01-03 02:40:46', 'offline'),
(730, 'bsacazek7', 'bsacazek7', 'Brandy', 'Sacaze', '2018-01-03 02:40:46', 'offline'),
(731, 'eduxbarryk8', 'eduxbarryk8', 'Evelyn', 'Duxbarry', '2018-01-03 02:40:46', 'offline'),
(732, 'mguisotk9', 'mguisotk9', 'Marybelle', 'Guisot', '2018-01-03 02:40:46', 'offline'),
(733, 'gervineka', 'gervineka', 'Geoffrey', 'Ervine', '2018-01-03 02:40:46', 'offline'),
(734, 'trundlekb', 'trundlekb', 'Talbot', 'Rundle', '2018-01-03 02:40:46', 'offline'),
(735, 'rramelotkc', 'rramelotkc', 'Reinaldos', 'Ramelot', '2018-01-03 02:40:46', 'offline'),
(736, 'qcomizzolikd', 'qcomizzolikd', 'Quentin', 'Comizzoli', '2018-01-03 02:40:46', 'offline'),
(737, 'pblockleyke', 'pblockleyke', 'Prisca', 'Blockley', '2018-01-03 02:40:46', 'offline'),
(738, 'kbrimsonkf', 'kbrimsonkf', 'Killy', 'Brimson', '2018-01-03 02:40:46', 'offline'),
(739, 'emosdallkg', 'emosdallkg', 'Elana', 'Mosdall', '2018-01-03 02:40:46', 'offline'),
(740, 'gbrittenkh', 'gbrittenkh', 'Glen', 'Britten', '2018-01-03 02:40:46', 'offline'),
(741, 'mcorringtonki', 'mcorringtonki', 'Marcela', 'Corrington', '2018-01-03 02:40:46', 'offline'),
(742, 'bfahrenbacherkj', 'bfahrenbacherkj', 'Breanne', 'Fahrenbacher', '2018-01-03 02:40:46', 'offline'),
(743, 'cpackhamkk', 'cpackhamkk', 'Clarice', 'Packham', '2018-01-03 02:40:46', 'offline'),
(744, 'jferrandezkl', 'jferrandezkl', 'Jock', 'Ferrandez', '2018-01-03 02:40:46', 'offline'),
(745, 'ycuddehykm', 'ycuddehykm', 'Yvonne', 'Cuddehy', '2018-01-03 02:40:46', 'offline'),
(746, 'nradishkn', 'nradishkn', 'Norine', 'Radish', '2018-01-03 02:40:47', 'offline'),
(747, 'swagstaffeko', 'swagstaffeko', 'Sergent', 'Wagstaffe', '2018-01-03 02:40:47', 'offline'),
(748, 'sshadboltkp', 'sshadboltkp', 'Suzann', 'Shadbolt', '2018-01-03 02:40:47', 'offline'),
(749, 'geitterkq', 'geitterkq', 'Gilda', 'Eitter', '2018-01-03 02:40:47', 'offline'),
(750, 'dgrinikhinovkr', 'dgrinikhinovkr', 'Deck', 'Grinikhinov', '2018-01-03 02:40:47', 'offline'),
(751, 'acobbledickks', 'acobbledickks', 'Anstice', 'Cobbledick', '2018-01-03 02:40:47', 'offline'),
(752, 'uwestgarthkt', 'uwestgarthkt', 'Udell', 'Westgarth', '2018-01-03 02:40:47', 'offline'),
(753, 'wmccleodku', 'wmccleodku', 'Warner', 'McCleod', '2018-01-03 02:40:47', 'offline'),
(754, 'bbouchkv', 'bbouchkv', 'Barnard', 'Bouch', '2018-01-03 02:40:47', 'offline'),
(755, 'vmayallkw', 'vmayallkw', 'Val', 'Mayall', '2018-01-03 02:40:47', 'offline'),
(756, 'tmusterdkx', 'tmusterdkx', 'Tansy', 'Musterd', '2018-01-03 02:40:47', 'offline'),
(757, 'gduchesneky', 'gduchesneky', 'Godfree', 'Duchesne', '2018-01-03 02:40:47', 'offline'),
(758, 'fmeirkz', 'fmeirkz', 'Fabian', 'Meir', '2018-01-03 02:40:47', 'offline'),
(759, 'nmethl0', 'nmethl0', 'Nevile', 'Meth', '2018-01-03 02:40:47', 'offline'),
(760, 'npakesl1', 'npakesl1', 'Nikolos', 'Pakes', '2018-01-03 02:40:47', 'offline'),
(761, 'tsheddenl2', 'tsheddenl2', 'Toiboid', 'Shedden', '2018-01-03 02:40:47', 'offline'),
(762, 'cpeevorl3', 'cpeevorl3', 'Carlin', 'Peevor', '2018-01-03 02:40:47', 'offline'),
(763, 'dtarquiniol4', 'dtarquiniol4', 'Drusi', 'Tarquinio', '2018-01-03 02:40:47', 'offline'),
(764, 'mguppyl5', 'mguppyl5', 'Massimo', 'Guppy', '2018-01-03 02:40:48', 'offline'),
(765, 'loakl6', 'loakl6', 'Lanie', 'Oak', '2018-01-03 02:40:48', 'offline'),
(766, 'rjeeksl7', 'rjeeksl7', 'Rudiger', 'Jeeks', '2018-01-03 02:40:48', 'offline'),
(767, 'rironsidel8', 'rironsidel8', 'Randie', 'Ironside', '2018-01-03 02:40:48', 'offline'),
(768, 'cblampeyl9', 'cblampeyl9', 'Carley', 'Blampey', '2018-01-03 02:40:48', 'offline'),
(769, 'dkendalla', 'dkendalla', 'Darlleen', 'Kendal', '2018-01-03 02:40:48', 'offline'),
(770, 'lloyndonlb', 'lloyndonlb', 'Lebbie', 'Loyndon', '2018-01-03 02:40:48', 'offline'),
(771, 'eedlestonlc', 'eedlestonlc', 'Ernesto', 'Edleston', '2018-01-03 02:40:48', 'offline'),
(772, 'svautreld', 'svautreld', 'Svend', 'Vautre', '2018-01-03 02:40:48', 'offline'),
(773, 'ibryanle', 'ibryanle', 'Isaiah', 'Bryan', '2018-01-03 02:40:48', 'offline'),
(774, 'acainslf', 'acainslf', 'Annie', 'Cains', '2018-01-03 02:40:48', 'offline'),
(775, 'blevisonlg', 'blevisonlg', 'Bobette', 'Levison', '2018-01-03 02:40:48', 'offline'),
(776, 'rmalbylh', 'rmalbylh', 'Rahal', 'Malby', '2018-01-03 02:40:48', 'offline'),
(777, 'pburhouseli', 'pburhouseli', 'Priscella', 'Burhouse', '2018-01-03 02:40:48', 'offline'),
(778, 'mweekslj', 'mweekslj', 'Marshall', 'Weeks', '2018-01-03 02:40:48', 'offline'),
(779, 'ematisselk', 'ematisselk', 'Elisabetta', 'Matisse', '2018-01-03 02:40:48', 'offline'),
(780, 'hivicll', 'hivicll', 'Harwilll', 'Ivic', '2018-01-03 02:40:48', 'offline'),
(781, 'okopeckalm', 'okopeckalm', 'Ofella', 'Kopecka', '2018-01-03 02:40:48', 'offline'),
(782, 'mbernathln', 'mbernathln', 'Michelina', 'Bernath', '2018-01-03 02:40:48', 'offline'),
(783, 'mbandylo', 'mbandylo', 'Merle', 'Bandy', '2018-01-03 02:40:48', 'offline'),
(784, 'jbanfordlp', 'jbanfordlp', 'Jasmine', 'Banford', '2018-01-03 02:40:49', 'offline'),
(785, 'rlabatielq', 'rlabatielq', 'Reece', 'La Batie', '2018-01-03 02:40:49', 'offline'),
(786, 'hwhiteheadlr', 'hwhiteheadlr', 'Humfried', 'Whitehead', '2018-01-03 02:40:49', 'offline'),
(787, 'bgoldsonls', 'bgoldsonls', 'Berta', 'Goldson', '2018-01-03 02:40:49', 'offline'),
(788, 'mbonifaciolt', 'mbonifaciolt', 'Meris', 'Bonifacio', '2018-01-03 02:40:49', 'offline'),
(789, 'kbugdalelu', 'kbugdalelu', 'Kerwinn', 'Bugdale', '2018-01-03 02:40:49', 'offline'),
(790, 'msilverstonlv', 'msilverstonlv', 'Miguela', 'Silverston', '2018-01-03 02:40:49', 'offline'),
(791, 'sdudmanlw', 'sdudmanlw', 'Siana', 'Dudman', '2018-01-03 02:40:49', 'offline'),
(792, 'abinchlx', 'abinchlx', 'Arley', 'Binch', '2018-01-03 02:40:49', 'offline'),
(793, 'vsixsmithly', 'vsixsmithly', 'Virge', 'Sixsmith', '2018-01-03 02:40:49', 'offline'),
(794, 'egiraudylz', 'egiraudylz', 'Elke', 'Giraudy', '2018-01-03 02:40:49', 'offline'),
(795, 'brubinszteinm0', 'brubinszteinm0', 'Beverlee', 'Rubinsztein', '2018-01-03 02:40:49', 'offline'),
(796, 'gmurrockm1', 'gmurrockm1', 'Gail', 'Murrock', '2018-01-03 02:40:49', 'offline'),
(797, 'hhughesm2', 'hhughesm2', 'Henry', 'Hughes', '2018-01-03 02:40:49', 'offline'),
(798, 'gmerillm3', 'gmerillm3', 'Guy', 'Merill', '2018-01-03 02:40:49', 'offline'),
(799, 'tmclanaghanm4', 'tmclanaghanm4', 'Tally', 'McLanaghan', '2018-01-03 02:40:49', 'offline'),
(800, 'gfaullm5', 'gfaullm5', 'Ginger', 'Faull', '2018-01-03 02:40:49', 'offline'),
(801, 'habbessm6', 'habbessm6', 'Hayley', 'Abbess', '2018-01-03 02:40:49', 'offline'),
(802, 'tcurranm7', 'tcurranm7', 'Teddy', 'Curran', '2018-01-03 02:40:49', 'offline'),
(803, 'ewallentinm8', 'ewallentinm8', 'Elmo', 'Wallentin', '2018-01-03 02:40:49', 'offline'),
(804, 'kseawrightm9', 'kseawrightm9', 'Koo', 'Seawright', '2018-01-03 02:40:49', 'offline'),
(805, 'sbellerma', 'sbellerma', 'Siegfried', 'Beller', '2018-01-03 02:40:50', 'offline'),
(806, 'isaffemb', 'isaffemb', 'Izabel', 'Saffe', '2018-01-03 02:40:50', 'offline'),
(807, 'moscullymc', 'moscullymc', 'Misti', 'O''Scully', '2018-01-03 02:40:50', 'offline'),
(808, 'dgiffardmd', 'dgiffardmd', 'Daveta', 'Giffard', '2018-01-03 02:40:50', 'offline'),
(809, 'pjochensme', 'pjochensme', 'Paxton', 'Jochens', '2018-01-03 02:40:50', 'offline'),
(810, 'tquinnetmf', 'tquinnetmf', 'Tobit', 'Quinnet', '2018-01-03 02:40:50', 'offline'),
(811, 'gbelkmg', 'gbelkmg', 'Gina', 'Belk', '2018-01-03 02:40:50', 'offline'),
(812, 'bfeldsternmh', 'bfeldsternmh', 'Brendin', 'Feldstern', '2018-01-03 02:40:50', 'offline'),
(813, 'esuchmi', 'esuchmi', 'Emmanuel', 'Such', '2018-01-03 02:40:50', 'offline'),
(814, 'lpaysmj', 'lpaysmj', 'Lyndy', 'Pays', '2018-01-03 02:40:50', 'offline'),
(815, 'pscirmanmk', 'pscirmanmk', 'Pierrette', 'Scirman', '2018-01-03 02:40:50', 'offline'),
(816, 'mgremainml', 'mgremainml', 'Marina', 'Gremain', '2018-01-03 02:40:50', 'offline'),
(817, 'ydanilovichmm', 'ydanilovichmm', 'Yorke', 'Danilovich', '2018-01-03 02:40:50', 'offline'),
(818, 'gcranhammn', 'gcranhammn', 'Goddard', 'Cranham', '2018-01-03 02:40:50', 'offline'),
(819, 'eevensmo', 'eevensmo', 'Ewell', 'Evens', '2018-01-03 02:40:50', 'offline'),
(820, 'rmacdonoghmp', 'rmacdonoghmp', 'Rois', 'MacDonogh', '2018-01-03 02:40:50', 'offline'),
(821, 'hcunnahmq', 'hcunnahmq', 'Haslett', 'Cunnah', '2018-01-03 02:40:50', 'offline'),
(822, 'bdugallmr', 'bdugallmr', 'Brittan', 'Dugall', '2018-01-03 02:40:50', 'offline'),
(823, 'kaxelbeems', 'kaxelbeems', 'Kip', 'Axelbee', '2018-01-03 02:40:50', 'offline'),
(824, 'jglawsopmt', 'jglawsopmt', 'Jaquelin', 'Glawsop', '2018-01-03 02:40:50', 'offline'),
(825, 'nabbyssmu', 'nabbyssmu', 'Nolie', 'Abbyss', '2018-01-03 02:40:50', 'offline'),
(826, 'igorglmv', 'igorglmv', 'Isaak', 'Gorgl', '2018-01-03 02:40:50', 'offline'),
(827, 'sjoshmw', 'sjoshmw', 'Shauna', 'Josh', '2018-01-03 02:40:50', 'offline'),
(828, 'uniesemx', 'uniesemx', 'Ulrika', 'Niese', '2018-01-03 02:40:50', 'offline'),
(829, 'mbaggallymy', 'mbaggallymy', 'Mareah', 'Baggally', '2018-01-03 02:40:50', 'offline'),
(830, 'abaggottmz', 'abaggottmz', 'Ailis', 'Baggott', '2018-01-03 02:40:51', 'offline'),
(831, 'efortesquieun0', 'efortesquieun0', 'Emylee', 'Fortesquieu', '2018-01-03 02:40:51', 'offline'),
(832, 'ameneuxn1', 'ameneuxn1', 'Angelia', 'Meneux', '2018-01-03 02:40:51', 'offline'),
(833, 'bnardin2', 'bnardin2', 'Bambi', 'Nardi', '2018-01-03 02:40:51', 'offline'),
(834, 'rjenynsn3', 'rjenynsn3', 'Ruthann', 'Jenyns', '2018-01-03 02:40:51', 'offline'),
(835, 'ejasparn4', 'ejasparn4', 'Elmira', 'Jaspar', '2018-01-03 02:40:51', 'offline'),
(836, 'pellwoodn5', 'pellwoodn5', 'Pris', 'Ellwood', '2018-01-03 02:40:51', 'offline'),
(837, 'cstirrupn6', 'cstirrupn6', 'Chickie', 'Stirrup', '2018-01-03 02:40:51', 'offline'),
(838, 'kabbien7', 'kabbien7', 'Katinka', 'Abbie', '2018-01-03 02:40:51', 'offline'),
(839, 'jdanburyn8', 'jdanburyn8', 'Janetta', 'Danbury', '2018-01-03 02:40:51', 'offline'),
(840, 'jsummerelln9', 'jsummerelln9', 'Jeremie', 'Summerell', '2018-01-03 02:40:51', 'offline'),
(841, 'jyaxleyna', 'jyaxleyna', 'Josephine', 'Yaxley', '2018-01-03 02:40:51', 'offline'),
(842, 'dmcmechannb', 'dmcmechannb', 'Deeanne', 'McMechan', '2018-01-03 02:40:51', 'offline'),
(843, 'tgaigernc', 'tgaigernc', 'Tully', 'Gaiger', '2018-01-03 02:40:51', 'offline'),
(844, 'gpowneynd', 'gpowneynd', 'Gusty', 'Powney', '2018-01-03 02:40:51', 'offline'),
(845, 'rchasonne', 'rchasonne', 'Randie', 'Chason', '2018-01-03 02:40:51', 'offline'),
(846, 'eplannf', 'eplannf', 'Erv', 'Plan', '2018-01-03 02:40:51', 'offline'),
(847, 'cjenkenng', 'cjenkenng', 'Candi', 'Jenken', '2018-01-03 02:40:52', 'offline'),
(848, 'lwhittetnh', 'lwhittetnh', 'Lenka', 'Whittet', '2018-01-03 02:40:52', 'offline'),
(849, 'kbrickstockni', 'kbrickstockni', 'Kale', 'Brickstock', '2018-01-03 02:40:52', 'offline'),
(850, 'eburdettnj', 'eburdettnj', 'Edmon', 'Burdett', '2018-01-03 02:40:52', 'offline'),
(851, 'payersnk', 'payersnk', 'Papagena', 'Ayers', '2018-01-03 02:40:52', 'offline'),
(852, 'ostockennl', 'ostockennl', 'Orelle', 'Stocken', '2018-01-03 02:40:52', 'offline'),
(853, 'keschellenm', 'keschellenm', 'Katha', 'Eschelle', '2018-01-03 02:40:52', 'offline'),
(854, 'ryoellnn', 'ryoellnn', 'Renae', 'Yoell', '2018-01-03 02:40:52', 'offline'),
(855, 'baberkirdono', 'baberkirdono', 'Bee', 'Aberkirdo', '2018-01-03 02:40:52', 'offline'),
(856, 'icranknp', 'icranknp', 'Imogen', 'Crank', '2018-01-03 02:40:52', 'offline'),
(857, 'olukeschnq', 'olukeschnq', 'Oliy', 'Lukesch', '2018-01-03 02:40:52', 'offline'),
(858, 'fdimbylownr', 'fdimbylownr', 'Florie', 'Dimbylow', '2018-01-03 02:40:52', 'offline'),
(859, 'dpridhamns', 'dpridhamns', 'Daphne', 'Pridham', '2018-01-03 02:40:52', 'offline'),
(860, 'thamnernt', 'thamnernt', 'Tessa', 'Hamner', '2018-01-03 02:40:52', 'offline'),
(861, 'mjaycocknu', 'mjaycocknu', 'Marley', 'Jaycock', '2018-01-03 02:40:52', 'offline'),
(862, 'nmosconinv', 'nmosconinv', 'Nanice', 'Mosconi', '2018-01-03 02:40:52', 'offline'),
(863, 'myoskowitznw', 'myoskowitznw', 'Mira', 'Yoskowitz', '2018-01-03 02:40:52', 'offline'),
(864, 'mscholardnx', 'mscholardnx', 'Marsha', 'Scholard', '2018-01-03 02:40:52', 'offline'),
(865, 'gmatthiesonny', 'gmatthiesonny', 'Gisela', 'Matthieson', '2018-01-03 02:40:52', 'offline'),
(866, 'pmundfordnz', 'pmundfordnz', 'Phip', 'Mundford', '2018-01-03 02:40:52', 'offline'),
(867, 'rsainzo0', 'rsainzo0', 'Robin', 'Sainz', '2018-01-03 02:40:52', 'offline'),
(868, 'wbathamo1', 'wbathamo1', 'Wyatt', 'Batham', '2018-01-03 02:40:52', 'offline'),
(869, 'etrettero2', 'etrettero2', 'Ethelda', 'Tretter', '2018-01-03 02:40:52', 'offline'),
(870, 'njowetto3', 'njowetto3', 'Nikolaus', 'Jowett', '2018-01-03 02:40:52', 'offline'),
(871, 'vbeckinghamo4', 'vbeckinghamo4', 'Victor', 'Beckingham', '2018-01-03 02:40:53', 'offline'),
(872, 'mwhittleseao5', 'mwhittleseao5', 'Minne', 'Whittlesea', '2018-01-03 02:40:53', 'offline'),
(873, 'lblabyo6', 'lblabyo6', 'Latisha', 'Blaby', '2018-01-03 02:40:53', 'offline'),
(874, 'egrayo7', 'egrayo7', 'Emylee', 'Gray', '2018-01-03 02:40:53', 'offline'),
(875, 'mjovico8', 'mjovico8', 'Min', 'Jovic', '2018-01-03 02:40:53', 'offline'),
(876, 'igabbitiso9', 'igabbitiso9', 'Isidro', 'Gabbitis', '2018-01-03 02:40:53', 'offline'),
(877, 'mrushworthoa', 'mrushworthoa', 'Maureene', 'Rushworth', '2018-01-03 02:40:53', 'offline'),
(878, 'mtraversob', 'mtraversob', 'Merill', 'Travers', '2018-01-03 02:40:53', 'offline'),
(879, 'vgaynsfordoc', 'vgaynsfordoc', 'Valentine', 'Gaynsford', '2018-01-03 02:40:53', 'offline'),
(880, 'rbaddoeod', 'rbaddoeod', 'Ramsey', 'Baddoe', '2018-01-03 02:40:53', 'offline'),
(881, 'ldellentyoe', 'ldellentyoe', 'Lola', 'Dellenty', '2018-01-03 02:40:53', 'offline'),
(882, 'bhamlynof', 'bhamlynof', 'Brenden', 'Hamlyn', '2018-01-03 02:40:53', 'offline'),
(883, 'ksleightholmog', 'ksleightholmog', 'Kevina', 'Sleightholm', '2018-01-03 02:40:53', 'offline'),
(884, 'hcostleyoh', 'hcostleyoh', 'Halsy', 'Costley', '2018-01-03 02:40:53', 'offline'),
(885, 'rcaulcottoi', 'rcaulcottoi', 'Richart', 'Caulcott', '2018-01-03 02:40:53', 'offline'),
(886, 'llereroj', 'llereroj', 'Loni', 'Lerer', '2018-01-03 02:40:53', 'offline'),
(887, 'aivanonkook', 'aivanonkook', 'Alfons', 'Ivanonko', '2018-01-03 02:40:53', 'offline'),
(888, 'scrutchleyol', 'scrutchleyol', 'Stavro', 'Crutchley', '2018-01-03 02:40:53', 'offline'),
(889, 'rbraddonom', 'rbraddonom', 'Rem', 'Braddon', '2018-01-03 02:40:53', 'offline'),
(890, 'cfurmingeron', 'cfurmingeron', 'Cammy', 'Furminger', '2018-01-03 02:40:53', 'offline'),
(891, 'eglynneoo', 'eglynneoo', 'Elliott', 'Glynne', '2018-01-03 02:40:53', 'offline'),
(892, 'hsplevinop', 'hsplevinop', 'Herbie', 'Splevin', '2018-01-03 02:40:53', 'offline'),
(893, 'jdeyeoq', 'jdeyeoq', 'Juli', 'd'' Eye', '2018-01-03 02:40:53', 'offline'),
(894, 'tpiperleyor', 'tpiperleyor', 'Tove', 'Piperley', '2018-01-03 02:40:53', 'offline'),
(895, 'ibulfoyos', 'ibulfoyos', 'Ivy', 'Bulfoy', '2018-01-03 02:40:54', 'offline'),
(896, 'athrossellot', 'athrossellot', 'Arliene', 'Throssell', '2018-01-03 02:40:54', 'offline'),
(897, 'bpeagrimou', 'bpeagrimou', 'Bobby', 'Peagrim', '2018-01-03 02:40:54', 'offline'),
(898, 'llembckeov', 'llembckeov', 'Lorri', 'Lembcke', '2018-01-03 02:40:54', 'offline'),
(899, 'sstangeow', 'sstangeow', 'Sharron', 'St Ange', '2018-01-03 02:40:54', 'offline'),
(900, 'fgouldbournox', 'fgouldbournox', 'Florida', 'Gouldbourn', '2018-01-03 02:40:54', 'offline'),
(901, 'asnibsonoy', 'asnibsonoy', 'Aldridge', 'Snibson', '2018-01-03 02:40:54', 'offline'),
(902, 'fannakinoz', 'fannakinoz', 'Franky', 'Annakin', '2018-01-03 02:40:54', 'offline'),
(903, 'bkrysztowczykp0', 'bkrysztowczykp0', 'Boy', 'Krysztowczyk', '2018-01-03 02:40:54', 'offline'),
(904, 'serreyp1', 'serreyp1', 'Stefanie', 'Errey', '2018-01-03 02:40:54', 'offline'),
(905, 'bgilloolyp2', 'bgilloolyp2', 'Briano', 'Gillooly', '2018-01-03 02:40:54', 'offline'),
(906, 'gsouthp3', 'gsouthp3', 'Grannie', 'South', '2018-01-03 02:40:54', 'offline'),
(907, 'jspackmanp4', 'jspackmanp4', 'Job', 'Spackman', '2018-01-03 02:40:54', 'offline'),
(908, 'nthirlwellp5', 'nthirlwellp5', 'Nappie', 'Thirlwell', '2018-01-03 02:40:54', 'offline'),
(909, 'tcatenotp6', 'tcatenotp6', 'Tory', 'Catenot', '2018-01-03 02:40:54', 'offline'),
(910, 'cdowberp7', 'cdowberp7', 'Carol', 'Dowber', '2018-01-03 02:40:54', 'offline'),
(911, 'jclowsp8', 'jclowsp8', 'Jeffrey', 'Clows', '2018-01-03 02:40:54', 'offline'),
(912, 'wdebeauchempp9', 'wdebeauchempp9', 'Winslow', 'De Beauchemp', '2018-01-03 02:40:54', 'offline'),
(913, 'cantospa', 'cantospa', 'Cchaddie', 'Antos', '2018-01-03 02:40:54', 'offline'),
(914, 'ltullotpb', 'ltullotpb', 'Leanna', 'Tullot', '2018-01-03 02:40:54', 'offline'),
(915, 'pdollimorepc', 'pdollimorepc', 'Pancho', 'Dollimore', '2018-01-03 02:40:55', 'offline'),
(916, 'cmeralipd', 'cmeralipd', 'Cristal', 'Merali', '2018-01-03 02:40:55', 'offline'),
(917, 'svendittope', 'svendittope', 'Sean', 'Venditto', '2018-01-03 02:40:55', 'offline'),
(918, 'cbaillespf', 'cbaillespf', 'Chan', 'Bailles', '2018-01-03 02:40:55', 'offline'),
(919, 'cpreshouspg', 'cpreshouspg', 'Cullie', 'Preshous', '2018-01-03 02:40:55', 'offline'),
(920, 'tgoodshipph', 'tgoodshipph', 'Taite', 'Goodship', '2018-01-03 02:40:55', 'offline'),
(921, 'mpeterpi', 'mpeterpi', 'Maryanna', 'Peter', '2018-01-03 02:40:55', 'offline'),
(922, 'rpaullpj', 'rpaullpj', 'Ryan', 'Paull', '2018-01-03 02:40:55', 'offline'),
(923, 'bmuzzollopk', 'bmuzzollopk', 'Betteann', 'Muzzollo', '2018-01-03 02:40:55', 'offline'),
(924, 'dscammellpl', 'dscammellpl', 'Damon', 'Scammell', '2018-01-03 02:40:55', 'offline'),
(925, 'cedingtonpm', 'cedingtonpm', 'Cacilie', 'Edington', '2018-01-03 02:40:55', 'offline'),
(926, 'dpontonpn', 'dpontonpn', 'Dalli', 'Ponton', '2018-01-03 02:40:55', 'offline'),
(927, 'bwimpeneypo', 'bwimpeneypo', 'Blanche', 'Wimpeney', '2018-01-03 02:40:55', 'offline'),
(928, 'ahighwaypp', 'ahighwaypp', 'Alastair', 'Highway', '2018-01-03 02:40:55', 'offline'),
(929, 'ceubankpq', 'ceubankpq', 'Carlye', 'Eubank', '2018-01-03 02:40:55', 'offline'),
(930, 'mcomfortpr', 'mcomfortpr', 'Madelina', 'Comfort', '2018-01-03 02:40:55', 'offline'),
(931, 'pentreisps', 'pentreisps', 'Phillie', 'Entreis', '2018-01-03 02:40:55', 'offline'),
(932, 'mkarlemanpt', 'mkarlemanpt', 'Malanie', 'Karleman', '2018-01-03 02:40:55', 'offline'),
(933, 'kdufallpu', 'kdufallpu', 'Kareem', 'Dufall', '2018-01-03 02:40:55', 'offline'),
(934, 'egoldhawkpv', 'egoldhawkpv', 'Eryn', 'Goldhawk', '2018-01-03 02:40:55', 'offline'),
(935, 'eplumepw', 'eplumepw', 'Early', 'Plume', '2018-01-03 02:40:55', 'offline'),
(936, 'dbenninckpx', 'dbenninckpx', 'Dov', 'Benninck', '2018-01-03 02:40:56', 'offline'),
(937, 'atoombspy', 'atoombspy', 'Antonio', 'Toombs', '2018-01-03 02:40:56', 'offline'),
(938, 'rbohlenspz', 'rbohlenspz', 'Reidar', 'Bohlens', '2018-01-03 02:40:56', 'offline'),
(939, 'agreenhouseq0', 'agreenhouseq0', 'Ambrosius', 'Greenhouse', '2018-01-03 02:40:56', 'offline'),
(940, 'vniaveq1', 'vniaveq1', 'Valentin', 'Niave', '2018-01-03 02:40:56', 'offline'),
(941, 'jtrevallionq2', 'jtrevallionq2', 'Junette', 'Trevallion', '2018-01-03 02:40:56', 'offline'),
(942, 'tjacobiq3', 'tjacobiq3', 'Thomasin', 'Jacobi', '2018-01-03 02:40:56', 'offline'),
(943, 'lgrigorushkinq4', 'lgrigorushkinq4', 'Laurie', 'Grigorushkin', '2018-01-03 02:40:56', 'offline'),
(944, 'lhuxstepq5', 'lhuxstepq5', 'Lorraine', 'Huxstep', '2018-01-03 02:40:56', 'offline'),
(945, 'dburkmanq6', 'dburkmanq6', 'Drud', 'Burkman', '2018-01-03 02:40:56', 'offline'),
(946, 'afeavyourq7', 'afeavyourq7', 'Anatol', 'Feavyour', '2018-01-03 02:40:56', 'offline'),
(947, 'mpoletq8', 'mpoletq8', 'Miguelita', 'Polet', '2018-01-03 02:40:56', 'offline'),
(948, 'ngallallyq9', 'ngallallyq9', 'Norby', 'Gallally', '2018-01-03 02:40:56', 'offline'),
(949, 'mwicksteadqa', 'mwicksteadqa', 'Maryjane', 'Wickstead', '2018-01-03 02:40:56', 'offline'),
(950, 'brichardonqb', 'brichardonqb', 'Benni', 'Richardon', '2018-01-03 02:40:56', 'offline'),
(951, 'aanglinqc', 'aanglinqc', 'Alain', 'Anglin', '2018-01-03 02:40:56', 'offline'),
(952, 'mmarquissqd', 'mmarquissqd', 'Marijo', 'Marquiss', '2018-01-03 02:40:56', 'offline'),
(953, 'tgreensideqe', 'tgreensideqe', 'Tory', 'Greenside', '2018-01-03 02:40:56', 'offline'),
(954, 'egiovanittiqf', 'egiovanittiqf', 'Ev', 'Giovanitti', '2018-01-03 02:40:56', 'offline'),
(955, 'sguppeyqg', 'sguppeyqg', 'Shanta', 'Guppey', '2018-01-03 02:40:56', 'offline'),
(956, 'bcastagnaqh', 'bcastagnaqh', 'Brianna', 'Castagna', '2018-01-03 02:40:57', 'offline'),
(957, 'pmccreaghqi', 'pmccreaghqi', 'Pippo', 'McCreagh', '2018-01-03 02:40:57', 'offline'),
(958, 'jlenaghenqj', 'jlenaghenqj', 'Johann', 'Lenaghen', '2018-01-03 02:40:57', 'offline'),
(959, 'sbridgestockqk', 'sbridgestockqk', 'Shelbi', 'Bridgestock', '2018-01-03 02:40:57', 'offline'),
(960, 'cpaylorql', 'cpaylorql', 'Crawford', 'Paylor', '2018-01-03 02:40:57', 'offline'),
(961, 'shaddickqm', 'shaddickqm', 'Sterne', 'Haddick', '2018-01-03 02:40:57', 'offline'),
(962, 'cilettqn', 'cilettqn', 'Charlotte', 'Ilett', '2018-01-03 02:40:57', 'offline'),
(963, 'abroderickqo', 'abroderickqo', 'Albina', 'Broderick', '2018-01-03 02:40:57', 'offline'),
(964, 'fquigleyqp', 'fquigleyqp', 'Ferd', 'Quigley', '2018-01-03 02:40:57', 'offline'),
(965, 'grosenblumqq', 'grosenblumqq', 'Gabie', 'Rosenblum', '2018-01-03 02:40:57', 'offline'),
(966, 'efawthorpeqr', 'efawthorpeqr', 'Erinna', 'Fawthorpe', '2018-01-03 02:40:57', 'offline'),
(967, 'sjanksqs', 'sjanksqs', 'Salomone', 'Janks', '2018-01-03 02:40:57', 'offline'),
(968, 'skeartonqt', 'skeartonqt', 'Sonny', 'Kearton', '2018-01-03 02:40:57', 'offline'),
(969, 'ewarrqu', 'ewarrqu', 'Evanne', 'Warr', '2018-01-03 02:40:57', 'offline'),
(970, 'emcquilliamqv', 'emcquilliamqv', 'Elysee', 'McQuilliam', '2018-01-03 02:40:57', 'offline'),
(971, 'rdockrillqw', 'rdockrillqw', 'Rori', 'Dockrill', '2018-01-03 02:40:57', 'offline'),
(972, 'hduffieldqx', 'hduffieldqx', 'Hedvige', 'Duffield', '2018-01-03 02:40:57', 'offline'),
(973, 'rbadrickqy', 'rbadrickqy', 'Rosalia', 'Badrick', '2018-01-03 02:40:57', 'offline'),
(974, 'msteckingsqz', 'msteckingsqz', 'Mikol', 'Steckings', '2018-01-03 02:40:57', 'offline'),
(975, 'ahamerr0', 'ahamerr0', 'Arnuad', 'Hamer', '2018-01-03 02:40:57', 'offline'),
(976, 'fkuschelr1', 'fkuschelr1', 'Fidelio', 'Kuschel', '2018-01-03 02:40:57', 'offline'),
(977, 'gmccullenr2', 'gmccullenr2', 'Germana', 'McCullen', '2018-01-03 02:40:58', 'offline'),
(978, 'gcoreyr3', 'gcoreyr3', 'Grantham', 'Corey', '2018-01-03 02:40:58', 'offline'),
(979, 'kidelr4', 'kidelr4', 'Kalila', 'Idel', '2018-01-03 02:40:58', 'offline'),
(980, 'ghatchettr5', 'ghatchettr5', 'Gus', 'Hatchett', '2018-01-03 02:40:58', 'offline'),
(981, 'ffennelowr6', 'ffennelowr6', 'Fitzgerald', 'Fennelow', '2018-01-03 02:40:58', 'offline'),
(982, 'hlondorsr7', 'hlondorsr7', 'Hadlee', 'Londors', '2018-01-03 02:40:58', 'offline'),
(983, 'jkupiszr8', 'jkupiszr8', 'Junia', 'Kupisz', '2018-01-03 02:40:58', 'offline'),
(984, 'pmaccaddier9', 'pmaccaddier9', 'Patty', 'Maccaddie', '2018-01-03 02:40:58', 'offline'),
(985, 'mtomblesonra', 'mtomblesonra', 'Merrill', 'Tombleson', '2018-01-03 02:40:58', 'offline'),
(986, 'dbaymanrb', 'dbaymanrb', 'Dacia', 'Bayman', '2018-01-03 02:40:58', 'offline'),
(987, 'abowtonrc', 'abowtonrc', 'Avram', 'Bowton', '2018-01-03 02:40:58', 'offline'),
(988, 'gpallasrd', 'gpallasrd', 'Guy', 'Pallas', '2018-01-03 02:40:58', 'offline'),
(989, 'dduchantre', 'dduchantre', 'Dasi', 'Duchant', '2018-01-03 02:40:58', 'offline'),
(990, 'fmelsomrf', 'fmelsomrf', 'Frans', 'Melsom', '2018-01-03 02:40:58', 'offline'),
(991, 'ogreenrodrg', 'ogreenrodrg', 'Ottilie', 'Greenrod', '2018-01-03 02:40:58', 'offline'),
(992, 'tpriscottrh', 'tpriscottrh', 'Thornie', 'Priscott', '2018-01-03 02:40:58', 'offline'),
(993, 'awhileyri', 'awhileyri', 'Andree', 'Whiley', '2018-01-03 02:40:58', 'offline'),
(994, 'rgiorgiuttirj', 'rgiorgiuttirj', 'Richmond', 'Giorgiutti', '2018-01-03 02:40:58', 'offline'),
(995, 'kschoalesrk', 'kschoalesrk', 'Karlyn', 'Schoales', '2018-01-03 02:40:58', 'offline'),
(996, 'lgirkerl', 'lgirkerl', 'Laverna', 'Girke', '2018-01-03 02:40:58', 'offline'),
(997, 'wlogsdalerm', 'wlogsdalerm', 'Worden', 'Logsdale', '2018-01-03 02:40:59', 'offline'),
(998, 'djustisrn', 'djustisrn', 'Durant', 'Justis', '2018-01-03 02:40:59', 'offline'),
(999, 'bsemeniukro', 'bsemeniukro', 'Brewer', 'Semeniuk', '2018-01-03 02:40:59', 'offline'),
(1000, 'mkinningleyrp', 'mkinningleyrp', 'Melina', 'Kinningley', '2018-01-03 02:40:59', 'offline'),
(1001, 'aljumelcarreon35', 'aljumelcarreon35', 'Aljumel', 'Carreon', '2018-01-03 03:25:31', 'offline'),
(1002, 'edgar', 'edgar', 'edgar', 'edgar', '2018-01-08 11:15:26', 'offline'),
(1003, 'jid', 'jid', 'Christine Jade', 'Parescal', '2018-01-19 06:47:52', 'offline');

--
-- Indexes for dumped tables
--

--
-- Indexes for table `files`
--
ALTER TABLE `files`
  ADD PRIMARY KEY (`file_id`),
  ADD KEY `sender_id` (`sender_id`),
  ADD KEY `recipient_id` (`recipient_id`);

--
-- Indexes for table `friends_list`
--
ALTER TABLE `friends_list`
  ADD PRIMARY KEY (`friend_id`),
  ADD KEY `user_1` (`user_1`),
  ADD KEY `user_2` (`user_2`);

--
-- Indexes for table `messages`
--
ALTER TABLE `messages`
  ADD PRIMARY KEY (`message_id`),
  ADD KEY `recipient_id` (`recipient_id`),
  ADD KEY `sender_id` (`sender_id`);

--
-- Indexes for table `users`
--
ALTER TABLE `users`
  ADD PRIMARY KEY (`user_id`),
  ADD UNIQUE KEY `username` (`username`);

--
-- AUTO_INCREMENT for dumped tables
--

--
-- AUTO_INCREMENT for table `files`
--
ALTER TABLE `files`
  MODIFY `file_id` int(11) NOT NULL AUTO_INCREMENT, AUTO_INCREMENT=7;
--
-- AUTO_INCREMENT for table `friends_list`
--
ALTER TABLE `friends_list`
  MODIFY `friend_id` int(11) NOT NULL AUTO_INCREMENT, AUTO_INCREMENT=16;
--
-- AUTO_INCREMENT for table `messages`
--
ALTER TABLE `messages`
  MODIFY `message_id` int(11) NOT NULL AUTO_INCREMENT, AUTO_INCREMENT=67;
--
-- AUTO_INCREMENT for table `users`
--
ALTER TABLE `users`
  MODIFY `user_id` int(11) NOT NULL AUTO_INCREMENT, AUTO_INCREMENT=1004;
--
-- Constraints for dumped tables
--

--
-- Constraints for table `files`
--
ALTER TABLE `files`
  ADD CONSTRAINT `files_ibfk_1` FOREIGN KEY (`sender_id`) REFERENCES `users` (`user_id`),
  ADD CONSTRAINT `files_ibfk_2` FOREIGN KEY (`recipient_id`) REFERENCES `users` (`user_id`);

--
-- Constraints for table `friends_list`
--
ALTER TABLE `friends_list`
  ADD CONSTRAINT `friends_list_ibfk_1` FOREIGN KEY (`user_1`) REFERENCES `users` (`user_id`),
  ADD CONSTRAINT `friends_list_ibfk_2` FOREIGN KEY (`user_2`) REFERENCES `users` (`user_id`);

--
-- Constraints for table `messages`
--
ALTER TABLE `messages`
  ADD CONSTRAINT `messages_ibfk_1` FOREIGN KEY (`sender_id`) REFERENCES `users` (`user_id`),
  ADD CONSTRAINT `messages_ibfk_2` FOREIGN KEY (`recipient_id`) REFERENCES `users` (`user_id`);

/*!40101 SET CHARACTER_SET_CLIENT=@OLD_CHARACTER_SET_CLIENT */;
/*!40101 SET CHARACTER_SET_RESULTS=@OLD_CHARACTER_SET_RESULTS */;
/*!40101 SET COLLATION_CONNECTION=@OLD_COLLATION_CONNECTION */;
